,date,AOD_modis,AOD_maiac_61,AOD_550_AER_mean
1,3/1/2015,0.2,0.05001,0.070998376
2,7/1/2015,0.333,0.20159,0.15585219
3,7/1/2015,0.245,0.20159,0.214303562
4,9/1/2015,0.208,0.066835,0.114341641
5,10/1/2015,0.321,0.090565,0.116567465
6,11/1/2015,0.275,0.09829,0.076147161
7,12/1/2015,0.121,0.105633333,0.138111374
8,12/1/2015,0.281,0.105633333,0.086111321
9,12/1/2015,0.213,0.105633333,0.142302834
10,13/1/2015,0.411,0.16768,0.131798755
11,14/1/2015,0.246,0.15109,0.155620247
12,16/1/2015,0.213,0.137886667,0.148790648
13,16/1/2015,0.259,0.137886667,0.12862987
14,17/1/2015,0.424,0.138315,0.191477333
15,20/1/2015,0.342,0.12182,0.189305909
16,23/1/2015,0.142,0.0975,0.136642237
17,25/1/2015,0.175,0.070805,0.051462865
18,28/1/2015,0.10267,0.082846667,0.150667773
19,28/1/2015,0.285,0.082846667,0.103045851
20,29/1/2015,0.4,0.122025,0.140595734
21,30/1/2015,0.127,0.1006,0.137109896
22,1/2/2015,0.174,0.0981,0.107384243
23,1/2/2015,0.164,0.0981,0.099120281
24,3/2/2015,0.244,0.081265,0.152122833
25,3/2/2015,0.226,0.081265,0.086698049
26,4/2/2015,0.2135,0.077345,0.124121049
27,5/2/2015,0.349,0.138345,0.145034034
28,10/2/2015,0.273,0.094475,0.168092308
29,11/2/2015,0.238,0.088525,0.169197362
30,13/2/2015,0.0745,0.07276,0.130968347
31,14/2/2015,0.351,0.13541,0.156028483
32,15/2/2015,0.216,0.130935,0.124887316
33,17/2/2015,0.1405,0.10441,0.099546434
34,17/2/2015,0.2115,0.10441,0.146046906
35,1/3/2015,0.192,0.065743333,0.120030649
36,1/3/2015,0.082,0.065743333,0.112938384
37,1/3/2015,0.1835,0.065743333,0.081188272
38,6/3/2015,0.216,0.07236,0.156230692
39,7/3/2015,0.234,0.10608,0.189579487
40,7/3/2015,0.2135,0.10608,0.119636859
41,8/3/2015,0.298,0.080705,0.126502923
42,10/3/2015,0.079,0.061075,0.136335938
43,11/3/2015,0.238,0.058715,0.179293243
44,12/3/2015,0.311,0.14182,0.134929142
45,14/3/2015,0.181,0.060845,0.188467907
46,14/3/2015,0.144,0.060845,0.120339578
47,15/3/2015,0.196,0.061035,0.108563361
48,17/3/2015,0.147,0.08754,0.200638306
49,18/3/2015,0.2275,0.084165,0.100610284
50,19/3/2015,0.138,0.088515,0.148802989
51,28/3/2015,0.209,0.1299,0.160540768
52,30/3/2015,0.24,0.13879,0.141328227
53,2/4/2015,0.098,0.067033333,0.16165593
54,12/4/2015,0.238,0.11437,0.139637767
55,21/4/2015,0.193,0.10418,0.210837695
56,2/10/2015,0.248,0.10066,0.137170574
57,30/9/2016,0.285,0.04526,0.181313153
58,19/10/2016,0.361,0.144805,0.188325068
59,22/10/2016,0.27,0.15159,0.162541528
60,25/10/2016,0.315,0.061575,0.130337755
61,26/10/2016,0.144,0.012355,0.10001462
62,27/10/2016,0.251,0.06427,0.120282494
63,2/11/2016,0.163,0.028963333,0.055064739
64,2/11/2016,0.081,0.028963333,0.05162203
65,3/11/2016,0.263,0.02509,0.077312935
66,3/11/2016,0.293,0.02509,0.041084909
67,7/11/2016,0.1845,0.10585,0.100231427
68,7/11/2016,0.1205,0.10585,0.098012649
69,8/11/2016,0.452,0.133655,0.116091738
70,9/11/2016,0.148,0.11828,0.129810964
71,9/11/2016,0.1625,0.11828,0.121036557
72,10/11/2016,0.424,0.06464,0.075207981
73,22/11/2016,0.598,0.23862,0.272678122
74,24/11/2016,0.442,0.13641,0.147155141
75,25/11/2016,0.324,0.24559,0.207841585
76,26/11/2016,0.343,0.111755,0.126975868
77,28/11/2016,0.203,0.04618,0.094873219
78,30/11/2016,0.459,0.203813333,0.239266354
79,30/11/2016,0.324,0.203813333,0.173635795
80,2/12/2016,0.1905,0.164025,0.175220092
81,5/12/2016,0.318,0.095615,0.208632931
82,11/12/2016,0.265,0.18478,0.121373994
83,11/12/2016,0.266,0.18478,0.167912831
84,12/12/2016,0.409,0.130165,0.141884602
85,14/12/2016,0.2,0.061755,0.094147642
86,15/12/2016,0.591,0.36187,0.332743758
87,16/12/2016,0.386,0.375346667,0.270184787
88,18/12/2016,0.157,0.14369,0.176464773
89,19/12/2016,0.349,0.093705,0.147243422
90,24/12/2016,0.617,0.33273,0.329409517
91,25/12/2016,0.517,0.29,0.260335835
92,27/12/2016,0.087,0.09463,0.103920485
93,30/12/2016,0.4725,0.20078,0.309510235
94,4/1/2017,0.392,0.090355,0.302138949
95,6/1/2017,0.322,0.133915,0.156053338
96,8/1/2017,0.364,0.183735,0.162174223
97,13/1/2017,0.393,0.09346,0.121995066
98,14/1/2017,0.202,0.07859,0.101440176
99,15/1/2017,0.287,0.105475,0.080499636
100,16/1/2017,0.387,0.131385,0.172026337
101,17/1/2017,0.312,0.096383333,0.122176228
102,20/1/2017,0.686,0.47696,0.488928845
103,22/1/2017,0.717,0.45419,0.507902264
104,23/1/2017,0.41,0.346385,0.364259087
105,24/1/2017,0.504,0.25996,0.471624852
106,25/1/2017,0.55,0.26501,0.327935062
107,25/1/2017,0.441,0.26501,0.124773331
108,27/1/2017,0.648,0.30227,0.374335311
109,27/1/2017,0.7175,0.30227,0.564572378
110,29/1/2017,0.825,0.6736,0.849955948
111,31/1/2017,0.4835,0.21986,0.396075526
112,6/2/2017,0.141,0.095956667,0.152954657
113,7/2/2017,0.399,0.077505,0.119536358
114,8/2/2017,0.202,0.07027,0.081185231
115,11/2/2017,0.029,0.07482,0.094633454
116,16/2/2017,0.393,0.148805,0.150157263
117,16/2/2017,0.279,0.148805,0.171967426
118,20/2/2017,0.069,0.0805,0.118717864
119,21/2/2017,0.283,0.043555,0.106243538
120,21/2/2017,0.38,0.043555,0.067711814
121,22/2/2017,0.1185,0.11498,0.120796365
122,24/2/2017,0.412,0.24815,0.320369017
123,31/3/2017,0.169,0.086835,0.154050017
124,5/4/2017,0.171,0.03642,0.160045065
125,22/9/2017,0.244,0.053645,0.168963253
126,19/10/2017,0.285,0.00756,0.158418799
127,25/10/2017,0.227,0.12844,0.140076042
128,8/12/2017,0.361,0.129055,0.171994665
129,8/12/2017,0.438,0.129055,0.115937228
130,9/12/2017,0.206,0.043885,0.084450802
131,10/12/2017,0.213,0.05196,0.090236476
132,14/12/2017,0.175,0.06833,0.073947043
133,15/12/2017,0.265,0.043215,0.09521372
134,21/12/2017,0.0895,0.097205,0.138241797
135,23/12/2017,0.159,0.07179,0.101948585
136,24/12/2017,0.318,0.101635,0.096898333
137,24/12/2017,0.392,0.101635,0.066898724
138,25/12/2017,0.268,0.09372,0.085993326
139,26/12/2017,0.384,0.08194,0.080013934
140,26/12/2017,0.2485,0.08194,0.082752227
141,29/12/2017,0.443,0.07914,0.096830813
142,30/12/2017,0.163,0.08973,0.065194221
143,3/10/2018,0.0805,0.054913333,0.109514446
144,15/10/2018,0.347,0.136935,0.140618247
145,19/10/2018,0.197,0.059663333,0.110948237
146,19/10/2018,0.055,0.059663333,0.094406065
147,19/10/2018,0.269,0.059663333,0.11312954
148,7/11/2018,0.381,0.057495,0.129384778
149,10/12/2018,0.28,0.071523333,0.092814283
150,12/12/2018,0.305,0.072345,0.147759166
151,17/12/2018,0.196,0.09973,0.08794015
152,20/12/2018,0.462,0.12238,0.063508168
153,20/12/2018,0.356,0.12238,0.104213091
154,23/12/2018,0.505,0.145925,0.164292315
155,24/12/2018,0.093,0.128035,0.153597788
156,27/12/2018,0.374,0.11825,0.16820793
157,28/12/2018,0.216,0.060745,0.087582701
158,29/12/2018,0.26,0.089745,0.105590176
159,31/12/2018,0.075,0.081355,0.09496845
160,3/1/2019,0.314,0.055705,0.087690401
161,5/1/2019,0.566,0.20303,0.23023873
162,12/1/2019,0.38,0.162795,0.107668333
163,30/1/2019,0.238,0.07646,0.18036107
164,1/3/2019,0.24,0.072155,0.131301646
165,2/3/2019,0.162,0.07622,0.113769614
166,5/3/2019,0.045,0.051525,0.110600457
167,21/3/2019,0.122,0.07723,0.121836577
168,22/3/2019,0.224,0.031885,0.14391354
169,24/3/2019,0.231,0.08571,0.176110896
170,25/3/2019,0.171,0.06165,0.111441591
171,5/4/2019,0.259,0.10059,0.183543653
172,22/9/2019,0.112,0.048935,0.077669578
173,24/10/2019,0.152,0.04201,0.122727074
174,30/10/2019,0.338,0.050255,0.092120063
175,2/11/2019,0.1,0.046805,0.047411578
176,9/11/2019,0.06,0.05514,0.136000742
177,4/12/2019,0.155,0.092295,0.071675986
178,5/12/2019,0.273,0.07263,0.126740098
179,9/12/2019,0.238,0.094693333,0.083572096
180,16/12/2019,0.2045,0.080155,0.152492718
181,20/12/2019,0.127,0.10005,0.086782549
182,22/12/2019,0.206,0.07727,0.09379738
183,22/12/2019,0.157,0.07727,0.068415207
184,27/12/2019,0.031,0.07682,0.100889855
185,31/12/2019,0.222,0.072345,0.09173813
186,6/1/2020,0.847,0.535505,0.784184394
187,9/1/2020,0.317,0.092935,0.203946156
188,10/1/2020,0.224,0.06312,0.090192482
189,12/1/2020,0.224,0.229575,0.258757147
190,26/1/2020,0.188,0.109726667,0.156113514
191,1/2/2020,0.2425,0.13205,0.131519306
192,4/2/2020,0.055,0.07241,0.131260458
193,12/2/2020,0.616,0.4119,0.414579609
194,15/2/2020,0.152,0.103196667,0.123922095
195,26/2/2020,0.212,0.06563,0.131349859
196,2/3/2020,0.164,0.101213333,0.182162658
197,13/3/2020,0.172,0.084175,0.12282304
198,14/3/2020,0.074,0.059426667,0.159538363
199,18/3/2020,0.13,0.067266667,0.165866813
200,4/10/2020,0.285,0.04168,0.079106058
201,12/10/2020,0.132,0.052066667,0.065473233
202,15/10/2020,0.396,0.13278,0.269254343
203,20/10/2020,0.281,0.04741,0.093799758
204,22/10/2020,0.248,0.05899,0.130317838
205,23/10/2020,0.2675,0.067025,0.108368682
206,24/10/2020,0.231,0.065853333,0.115884605
207,24/10/2020,0.078,0.065853333,0.127388832
208,28/10/2020,0.1505,0.038323333,0.121432273
209,31/10/2020,0.2735,0.062,0.111015166
210,2/11/2020,0.164,0.060715,0.080766576
211,7/11/2020,0.236,0.06,0.137482514
212,8/11/2020,0.508,0.162565,0.113189958
213,12/11/2020,0.395,0.10215,0.149706226
214,16/11/2020,0.1975,0.04879,0.097895764
215,23/11/2020,0.26533,0.059435,0.081727174
216,29/11/2020,0.116,0.054403333,0.061040554
217,29/11/2020,0.121,0.054403333,0.060514014
218,2/12/2020,0.286,0.07064,0.164307572
219,4/12/2020,0.196,0.07532,0.079374675
220,6/12/2020,0.1095,0.10159,0.104248539
221,6/12/2020,0.141,0.10159,0.081014008
222,15/12/2020,0.132,0.04889,0.066721283
223,19/1/2021,0.511,0.209105,0.210406591
224,19/1/2021,0.3125,0.209105,0.188122433
225,24/1/2021,0.564,0.254025,0.300219804
226,26/1/2021,0.435,0.2128,0.129126464
227,1/3/2021,0.153,0.082695,0.10996603
228,4/3/2021,0.342,0.115035,0.176609812
229,26/3/2021,0.165,0.075195,0.130687837
230,3/11/2021,0.343,0.13428,0.139403054
231,5/11/2021,0.081,0.094795,0.138807587
232,19/11/2021,0.273,0.075205,0.10026209
233,4/12/2021,0.234,0.05692,0.077862346
234,5/12/2021,0.223,0.077165,0.091018293
235,14/12/2021,0.202,0.0964,0.110541962
236,14/12/2021,0.05,0.0964,0.095455928
237,16/12/2021,0.084,0.09505,0.093261248
238,21/12/2021,0.277,0.065935,0.092935831
239,25/12/2021,0.187,0.15727,0.100176646
240,3/1/2022,0.118,0.079146667,0.046047469
241,3/1/2022,0.174,0.079146667,0.052798805
242,4/1/2022,0.389,0.01891,0.08647237
243,8/1/2022,0.33,0.13413,0.14280589
244,15/3/2022,0.186,0.144745,0.173242164
245,24/10/2022,0.265,0.04408,0.108168923
246,27/10/2022,0.292,0.033985,0.170173044
247,29/10/2022,0.401,0.03904,0.163419958
248,31/10/2022,0.14967,0.052925,0.131465956
249,2/11/2022,0.129,0.0609,0.105157364
250,7/11/2022,0.2845,0.09472,0.159122754
251,19/11/2022,0.3645,0.1419,0.159297725
252,7/12/2023,0.069,0.074835,0.167505247
253,12/12/2023,0.258,0.079726667,0.175317675
254,12/12/2023,0.082,0.079726667,0.162234053
255,13/12/2023,0.413,0.086245,0.104344983
256,19/12/2023,0.092,0.08522,0.102526872
257,22/12/2023,0.31,0.1174,0.141458539
258,29/12/2023,0.293,0.12877,0.241552529
259,31/12/2023,0.086,0.068565,0.136172998
260,11/1/2024,0.13,0.07241,0.100490541
261,21/1/2024,0.363,0.140065,0.124110329
262,22/1/2024,0.01,0.08285,0.122354279
263,23/1/2024,0.191,0.195615,0.129323086
264,24/1/2024,0.105,0.111065,0.146082344
265,8/2/2024,0.0755,0.111743333,0.139535364
266,11/2/2024,0.15,0.13168,0.106517643
267,12/2/2024,0.329,0.10141,0.082239977
268,21/2/2024,0.218,0.124195,0.162669782
269,28/2/2024,0.361,0.09727,0.112838073
270,5/3/2024,0.096,0.091985,0.119375869
271,6/3/2024,0.287,0.08822,0.160543146
272,8/3/2024,0.013,0.02862,0.077676083
273,10/3/2024,0.069,0.07533,0.082778046
274,11/3/2024,0.139,0.090105,0.08213836
275,13/3/2024,0.078,0.03683,0.073395842
276,14/3/2024,0.219,0.071295,0.103688082
277,15/3/2024,0.058,0.042255,0.093990659
278,17/3/2024,0.106,0.07572,0.081438123
279,26/3/2024,0.254,0.08542,0.157365386
280,7/4/2024,0.222,0.09245,0.084071822
281,7/4/2024,0.2,0.09245,0.081820257
282,29/10/2024,0.222,0.134886667,0.135675485
283,2/11/2024,0.437,0.076645,0.072723525
284,5/11/2024,0.351,0.0555,0.088590267
285,9/11/2024,0.0555,0.083446667,0.127213764
286,13/11/2024,0.115,0.07196,0.080360311
287,24/11/2024,0.439,0.110795,0.081194359
288,5/12/2024,0.248,0.03803,0.121306367
289,8/12/2024,0.031,0.0661,0.066050496
290,15/12/2024,0.234,0.124886667,0.120728932
291,23/12/2024,0.103,0.08587,0.115989402
