,date,AOD_modis,AOD_maiac_61,AOD_550_AER_mean,Modif
1,27/1/2015,0.293,0.312,0.081307808,0
2,10/5/2015,0.124,0.1234,0.052511511,0
3,14/5/2015,0.285,0.22133,0.112529266,0
4,20/5/2015,0.15,0.132855,0.076885283,0
5,21/5/2015,0.185,0.09935,0.05628764,0
6,22/5/2015,0.1125,0.064195,0.071218336,0
7,24/5/2015,0.132,0.070205,0.063802594,0
8,28/5/2015,0.23,0.167835,0.064531161,0
9,29/5/2015,0.051,0.05885,0.085163577,0
10,4/6/2015,0.196,0.123625,0.070460665,0
11,6/6/2015,0.132,0.07111,0.062144345,0
12,12/6/2015,0.094,0.09028,0.080224216,0
13,13/6/2015,0.074,0.07799,0.072025937,0
14,14/6/2015,0.154,0.05101,0.06396232,0
15,15/6/2015,0.243,0.16635,0.131935663,0
16,19/6/2015,0.154,0.13023,0.108695034,0
17,20/6/2015,0.145,0.10423,0.084210437,0
18,21/6/2015,0.14,0.081665,0.062223977,0
19,23/6/2015,0.193,0.19993,0.131866788,0
20,25/6/2015,0.126,0.101665,0.128427209,0
21,30/6/2015,0.115,0.04123,0.063959125,0
22,12/7/2015,0.073,0.06086,0.046419064,0
23,14/7/2015,0.314,0.23712,0.058844248,0
24,22/7/2015,0.169,0.09546,0.104139415,0
25,23/7/2015,0.117,0.08847,0.0695497,0
26,24/7/2015,0.191,0.1559,0.106072986,0
27,30/7/2015,0.167,0.11451,0.121766931,0
28,1/8/2015,0.21,0.10993,0.11671195,0
29,7/8/2015,0.134,0.087725,0.037876079,0
30,17/9/2015,0.293,0.22625,0.113994991,0
31,24/9/2015,0.215,0.2132,0.183154401,0
32,28/9/2015,0.204,0.152785,0.099602218,0
33,29/9/2015,0.172,0.184925,0.096693531,0
34,11/10/2015,0.004,0.090125,0.06041918,0
35,18/11/2015,0.077,0.143005,0.10970957,0
36,25/11/2015,0.11,0.1725,0.062079049,0
37,9/12/2015,0.092,0.16062,0.098323673,0
38,13/12/2015,0.1575,0.15229,0.03511624,0
39,23/1/2016,0.243,0.197175,0.079669955,0
40,30/1/2016,0.3535,0.30694,0.112718589,0
41,4/3/2016,0.344,0.2795,0.08993008,0
42,9/3/2016,0.233,0.27731,0.092702489,0
43,12/3/2016,0.501,0.240895,0.147289524,0
44,27/3/2016,0.163,0.190115,0.045317864,0
45,26/4/2016,0.111,0.12181,0.078311051,0
46,27/4/2016,0.07,0.106,0.053526098,0
47,28/4/2016,0.19,0.08784,0.04788258,0
48,29/4/2016,0.071,0.05931,0.033446407,0
49,30/4/2016,0.084,0.092705,0.077756469,0
50,4/5/2016,0.161,0.097835,0.092932513,0
51,5/5/2016,0.1965,0.18244,0.148375476,0
52,10/5/2016,0.0835,0.067105,0.069480933,0
53,15/5/2016,0.062,0.064215,0.064168191,0
54,17/5/2016,0.117,0.07877,0.096926628,0
55,21/5/2016,0.1205,0.088275,0.090870474,0
56,24/5/2016,0.066,0.09893,0.147769893,0
57,28/5/2016,0.074,0.088795,0.06645504,0
58,30/5/2016,0.055,0.061695,0.068153955,0
59,31/5/2016,0.118,0.051035,0.04973803,0
60,2/6/2016,0.1,0.08614,0.101279044,0
61,15/6/2016,0.166,0.13578,0.112816581,0
62,27/6/2016,0.198,0.14025,0.10748298,0
63,29/6/2016,0.12,0.12493,0.061212745,0
64,9/7/2016,0.135,0.10465,0.042202923,0
65,11/7/2016,0.116,0.046665,0.047191732,0
66,3/8/2016,0.155,0.11192,0.197459324,0
67,23/8/2016,0.032,0.093175,0.085661649,0
68,25/8/2016,0.254,0.188475,0.085277514,0
69,27/8/2016,0.229,0.18554,0.148662897,0
70,1/9/2016,0.075,0.10859,0.072880066,0
71,10/9/2016,0.164,0.098355,0.062759759,0
72,13/10/2016,0.019,0.08203,0.071325106,0
73,14/11/2016,0.051,0.05828,0.063028161,0
74,16/12/2016,0.041,0.15398,0.054483682,0
75,22/12/2016,0.2,0.20459,0.048363531,0
76,1/2/2017,0.291,0.23962,0.127806261,0
77,4/2/2017,0.115,0.203,0.087314911,0
78,14/4/2017,0.21,0.15043,0.037229575,0
79,15/4/2017,0.164,0.112645,0.036392894,0
80,20/4/2017,0.056,0.049,0.067583061,0
81,21/4/2017,0.168,0.07989,0.136565767,0
82,3/5/2017,0.182,0.1487,0.104668034,0
83,6/5/2017,0.25,0.15773,0.10511974,0
84,8/5/2017,0.31533,0.16639,0.14806129,0
85,12/5/2017,0.144,0.091665,0.112239409,0
86,18/5/2017,0.161,0.09526,0.077505399,0
87,19/5/2017,0.135,0.09878,0.074387481,0
88,20/5/2017,0.1,0.09782,0.084406043,0
89,31/5/2017,0.0645,0.080245,0.059333648,0
90,2/6/2017,0.175,0.08476,0.082460249,0
91,9/6/2017,0.35667,0.31126,0.125998304,0
92,11/6/2017,0.09,0.08848,0.062005911,0
93,14/6/2017,0.09,0.057035,0.101490276,0
94,16/6/2017,0.112,0.05801,0.047946582,0
95,17/6/2017,0.051,0.08454,0.044808791,0
96,18/6/2017,0.064,0.06312,0.043535705,0
97,19/6/2017,0.141835,0.10932,0.10041261,0
98,20/6/2017,0.172,0.11663,0.133643451,0
99,21/6/2017,0.144,0.10373,0.100422283,0
100,23/6/2017,0.115,0.09136,0.085769167,0
101,24/6/2017,0.169,0.098065,0.096967205,0
102,25/6/2017,0.139,0.127355,0.111011552,0
103,26/6/2017,0.087,0.08416,0.068074267,0
104,28/6/2017,0.206,0.1394,0.167456385,0
105,4/7/2017,0.095,0.04833,0.075767073,0
106,5/7/2017,0.12,0.050975,0.07864649,0
107,6/7/2017,0.026,0.053935,0.06702975,0
108,7/7/2017,0.163,0.103235,0.103376162,0
109,9/7/2017,0.062,0.065085,0.058727149,0
110,10/7/2017,0.12,0.057775,0.044941568,0
111,11/7/2017,0.158,0.05197,0.051370666,0
112,12/7/2017,0.126,0.057335,0.064594237,0
113,13/7/2017,0.044,0.064,0.056720545,0
114,25/7/2017,0.076,0.066,0.114356685,0
115,27/7/2017,0.204,0.10817,0.072575625,0
116,28/7/2017,0.204,0.07193,0.055504711,0
117,29/7/2017,0.098,0.11502,0.072640965,0
118,30/7/2017,0.159,0.0896,0.0668212,0
119,1/8/2017,0.053,0.101,0.128753561,0
120,3/8/2017,0.2465,0.18479,0.205602721,0
121,7/8/2017,0.134,0.106545,0.090785967,0
122,24/8/2017,0.147,0.161605,0.164096347,0
123,26/8/2017,0.209,0.15795,0.133097469,0
124,28/8/2017,0.239,0.13634,0.109211894,0
125,31/8/2017,0.06,0.10286,0.059889113,0
126,2/9/2017,0.111,0.155395,0.150511462,0
127,4/9/2017,0.249,0.1968,0.147312777,0
128,20/9/2017,0.049,0.16708,0.122380721,0
129,26/10/2017,0.162,0.191985,0.06427955,0
130,27/10/2017,0.119,0.14279,0.07648708,0
131,29/10/2017,0.159,0.15145,0.084132601,0
132,30/11/2017,0.208,0.2371,0.091556009,0
133,5/4/2018,0.072,0.11309,0.103054551,0
134,11/4/2018,0.171,0.149,0.047417916,0
135,12/4/2018,0.132,0.08672,0.040413232,0
136,16/4/2018,0.126,0.13342,0.04227483,0
137,17/4/2018,0.158,0.15311,0.04463947,0
138,19/4/2018,0.216,0.11819,0.052690185,0
139,20/4/2018,0.185,0.112595,0.104427116,0
140,23/4/2018,0.216,0.1746,0.055534437,0
141,25/4/2018,0.217,0.22569,0.066377055,0
142,27/4/2018,0.194,0.20545,0.077944772,0
143,30/4/2018,0.093,0.09411,0.044545378,0
144,2/5/2018,0.028,0.137915,0.088183825,0
145,4/5/2018,0.343,0.2975,0.136500202,0
146,7/5/2018,0.1645,0.115355,0.086294401,0
147,11/5/2018,0.213,0.128685,0.079744356,0
148,13/5/2018,0.189,0.13759,0.041326802,0
149,14/5/2018,0.023,0.064455,0.049785382,0
150,15/5/2018,0.087,0.049725,0.050980054,0
151,16/5/2018,0.099,0.05984,0.105811426,0
152,17/5/2018,0.152,0.083535,0.07327473,0
153,18/5/2018,0.156,0.074145,0.065282575,0
154,19/5/2018,0.116,0.1451,0.088912185,0
155,20/5/2018,0.086,0.09331,0.035128831,0
156,21/5/2018,0.093,0.08224,0.093208194,0
157,22/5/2018,0.159,0.11548,0.124703485,0
158,23/5/2018,0.0955,0.11188,0.112922142,0
159,25/5/2018,0.1175,0.079,0.056316932,0
160,26/5/2018,0.188,0.08676,0.117049755,0
161,27/5/2018,0.1365,0.123835,0.066572242,0
162,28/5/2018,0.177,0.114915,0.094302224,0
163,29/5/2018,0.118,0.09638,0.067788981,0
164,1/6/2018,0.064,0.062935,0.090494352,0
165,18/6/2018,0.182,0.11665,0.050759617,0
166,20/6/2018,0.173,0.10835,0.059641841,0
167,21/6/2018,0.084,0.07965,0.048832032,0
168,26/6/2018,0.135,0.10718,0.103921639,0
169,28/6/2018,0.224,0.155565,0.160389376,0
170,29/6/2018,0.053,0.07516,0.101086168,0
171,1/7/2018,0.124,0.080275,0.095435002,0
172,3/7/2018,0.126,0.087675,0.120686318,0
173,7/7/2018,0.193,0.111765,0.057992376,0
174,8/7/2018,0.117,0.071835,0.097626474,0
175,23/7/2018,0.157,0.14588,0.041527856,0
176,28/7/2018,0.0945,0.05763,0.078035306,0
177,30/7/2018,0.069,0.04901,0.04523861,0
178,8/8/2018,0.127,0.15608,0.110254749,0
179,16/8/2018,0.239,0.12649,0.126009796,0
180,22/8/2018,0.144,0.1183,0.126383752,0
181,9/9/2018,0.285,0.1736,0.109082108,0
182,21/9/2018,0.133,0.12393,0.093170121,0
183,23/9/2018,0.191,0.19,0.081384751,0
184,30/9/2018,0.129,0.092705,0.072650751,0
185,30/10/2018,0.123,0.12914,0.085776691,0
186,3/11/2018,0.231,0.22717,0.101053504,0
187,9/12/2018,0.111,0.07853,0.047856708,0
188,12/12/2018,0.259,0.147335,0.079664923,0
189,2/3/2019,0.167,0.18467,0.068627778,0
190,14/4/2019,0.308,0.26047,0.072528422,0
191,21/4/2019,0.126,0.23253,0.079045973,0
192,26/4/2019,0.2525,0.21376,0.087994813,0
193,3/5/2019,0.07,0.03436,0.053144547,0
194,7/5/2019,0.243,0.20567,0.066696764,0
195,16/5/2019,0.083,0.11296,0.030370462,0
196,19/5/2019,0.093,0.07893,0.073188135,0
197,24/5/2019,0.088,0.0718,0.043355982,0
198,25/5/2019,0.108,0.05725,0.10630044,0
199,26/5/2019,0.093,0.07112,0.069195271,0
200,30/5/2019,0.2465,0.129985,0.073479976,0
201,31/5/2019,0.105,0.053985,0.079127016,0
202,4/6/2019,0.0875,0.06375,0.047163647,0
203,8/6/2019,0.106,0.075345,0.090012612,0
204,9/6/2019,0.095,0.07126,0.073576494,0
205,11/6/2019,0.1145,0.09134,0.074789913,0
206,18/6/2019,0.069,0.05187,0.065691396,0
207,19/6/2019,0.084,0.06446,0.065698421,0
208,1/7/2019,0.133,0.121145,0.051777465,0
209,2/7/2019,0.023,0.0649,0.0664238,0
210,3/7/2019,0.062,0.08324,0.062847483,0
211,6/7/2019,0.004,0.08034,0.069570255,0
212,10/7/2019,0.0955,0.079575,0.074354653,0
213,11/7/2019,0.169,0.122305,0.165353975,0
214,11/8/2019,0.263,0.223465,0.161334449,0
215,12/8/2019,0.242,0.15052,0.15701723,0
216,16/8/2019,0.116,0.112685,0.094034547,0
217,18/8/2019,0.166,0.128545,0.054800625,0
218,20/8/2019,0.217,0.22855,0.166708544,0
219,27/8/2019,0.204,0.20873,0.154505037,0
220,10/9/2019,0.245,0.26412,0.206111906,0
221,19/9/2019,0.1765,0.198085,0.213173077,0
222,24/9/2019,0.078,0.146,0.111517306,0
223,29/9/2019,0.238,0.123375,0.08969111,0
224,30/9/2019,0.115,0.18741,0.166285738,0
225,12/10/2019,0.262,0.17987,0.08761059,0
226,24/10/2019,-0.05,0.116485,0.05058316,0
227,26/10/2019,0.387,0.28502,0.151085801,0
228,2/11/2019,0.1115,0.147495,0.076381152,0
229,9/1/2020,0.255,0.18871,0.068466053,0
230,6/3/2020,0.48,0.268655,0.06002049,0
231,5/4/2020,0.141,0.22668,0.08941152,0
232,8/4/2020,0.215,0.20346,0.095326996,0
233,10/4/2020,0.097,0.136955,0.096003631,0
234,12/4/2020,0.09,0.074795,0.04008177,0
235,19/4/2020,0.195,0.18067,0.107649387,0
236,22/4/2020,0.174,0.17078,0.10458214,0
237,25/4/2020,0.223,0.17039,0.08117749,0
238,28/4/2020,0.123,0.139865,0.048378669,0
239,30/4/2020,0.1845,0.162895,0.063419425,0
240,9/5/2020,0.129,0.08428,0.049828807,0
241,11/5/2020,0.103,0.05488,0.030789787,0
242,12/5/2020,0.082,0.065155,0.064311622,0
243,16/5/2020,0.197,0.114725,0.044710469,0
244,18/5/2020,0.108,0.13344,0.061887292,0
245,20/5/2020,0.133,0.092045,0.06727601,0
246,23/5/2020,0.232,0.153605,0.081712451,0
247,25/5/2020,0.12,0.066485,0.067590392,0
248,26/5/2020,0.0555,0.04662,0.069218656,0
249,27/5/2020,0.106,0.050935,0.064373661,0
250,28/5/2020,0.07325,0.053525,0.083437321,0
251,30/5/2020,0.1395,0.115805,0.102388627,0
252,31/5/2020,0.146,0.088715,0.069434221,0
253,1/6/2020,0.208,0.158045,0.122778253,0
254,9/6/2020,0.093,0.071,0.034103521,0
255,11/6/2020,0.154,0.06792,0.08155688,0
256,12/6/2020,0.262,0.20773,0.124076025,0
257,13/6/2020,0.083,0.094605,0.061729901,0
258,17/6/2020,0.142,0.077945,0.076903827,0
259,20/6/2020,0.084,0.060445,0.078961101,0
260,24/6/2020,0.221,0.18048,0.203867131,0
261,26/6/2020,0.196,0.12824,0.150598786,0
262,1/7/2020,0.096,0.078945,0.096734113,0
263,3/7/2020,0.079,0.079185,0.091669456,0
264,13/7/2020,0.1395,0.09399,0.11257678,0
265,19/7/2020,0.125,0.133435,0.069092541,0
266,20/7/2020,0.239,0.077725,0.082240059,0
267,22/7/2020,0.188,0.08525,0.12439215,0
268,24/7/2020,-0.05,0.11991,0.071518976,0
269,29/7/2020,0.183,0.129105,0.121669285,0
270,4/8/2020,0.147,0.107575,0.12266801,0
271,5/8/2020,0.221,0.110075,0.107392027,0
272,7/8/2020,0.244,0.158375,0.232919887,0
273,29/8/2020,0.329,0.36633,0.163663342,0
274,3/9/2020,0.216,0.189605,0.177093506,0
275,5/9/2020,0.19,0.190515,0.140692814,0
276,12/9/2020,0.393,0.36433,0.41690214,0
277,19/10/2020,0.145,0.12087,0.074529116,0
278,26/10/2020,0.055,0.06617,0.06065166,0
279,15/11/2020,0.172,0.15193,0.093921726,0
280,22/11/2020,0.2,0.221515,0.124264532,0
281,27/1/2021,0.129,0.18262,0.075416699,0
282,16/3/2021,0.362,0.3665,0.126896324,0
283,1/4/2021,0.574,0.48117,0.272123486,0
284,15/4/2021,0.248,0.2072,0.0928628,0
285,16/4/2021,0.223,0.154915,0.109391939,0
286,19/4/2021,0.092,0.12292,0.059262815,0
287,22/4/2021,0.182,0.23038,0.123362091,0
288,26/4/2021,0.134,0.118555,0.071465034,0
289,1/5/2021,0.2635,0.221535,0.105602027,0
290,2/5/2021,0.117,0.058915,0.062839802,0
291,3/5/2021,0.146,0.103555,0.064749795,0
292,4/5/2021,0.06,0.04737,0.067461581,0
293,5/5/2021,0.249,0.1117,0.061932999,0
294,10/5/2021,0.1125,0.114435,0.06040074,0
295,11/5/2021,0.7345,0.32375,0.112213434,0
296,12/5/2021,0.158,0.19203,0.062829273,0
297,14/5/2021,0.135,0.10983,0.051087464,0
298,16/5/2021,0.141,0.117435,0.062510147,0
299,19/5/2021,0.127,0.11127,0.095666195,0
300,20/5/2021,0.328,0.12661,0.073854213,0
301,22/5/2021,0.21,0.06988,0.050480603,0
302,3/6/2021,0.206,0.08115,0.091104734,0
303,4/6/2021,0.378,0.39707,0.111912564,0
304,9/6/2021,0.106,0.108095,0.091851653,0
305,12/6/2021,0.195,0.06247,0.094657413,0
306,13/6/2021,0,0.05337,0.064285768,0
307,14/6/2021,0.107,0.058605,0.082137347,0
308,20/6/2021,0.11,0.085565,0.061463317,0
309,29/6/2021,0.134,0.09373,0.054586321,0
310,30/6/2021,0.029,0.05712,0.075176557,0
311,4/7/2021,0.068,0.06322,0.055423399,0
312,8/7/2021,0.083,0.09472,0.135811305,0
313,9/7/2021,0.097,0.068765,0.087680595,0
314,11/7/2021,0.122,0.121025,0.079336801,0
315,13/7/2021,0.131,0.10163,0.058215483,0
316,15/7/2021,0.116,0.1013,0.10255968,0
317,20/7/2021,0.23,0.19957,0.115285911,0
318,22/7/2021,0.123,0.10721,0.06904794,0
319,24/7/2021,0.093,0.09543,0.059592621,0
320,8/8/2021,0.118,0.05238,0.061206155,0
321,14/8/2021,0.143,0.120695,0.081782473,0
322,16/8/2021,0.103,0.098485,0.088942434,0
323,18/8/2021,0.11,0.09039,0.099721394,0
324,1/9/2021,0.237,0.198635,0.108399029,0
325,4/9/2021,0.11,0.139105,0.089509482,0
326,6/9/2021,0.214,0.19356,0.102106485,0
327,24/9/2021,0.169,0.18136,0.161317956,0
328,24/10/2021,0.101,0.147525,0.062286622,0
329,11/4/2022,0.3795,0.21085,0.217631419,0
330,18/4/2022,0.157,0.0526,0.062952901,0
331,19/4/2022,0.329,0.032025,0.113639237,0
332,21/4/2022,0.251,0.071135,0.116023223,0
333,22/4/2022,0.269,0.08115,0.132832549,0
334,26/4/2022,0.196,0.075475,0.088658828,0
335,27/4/2022,0.201,0.071425,0.067099121,0
336,28/4/2022,0.211,0.05959,0.092029245,0
337,29/4/2022,0.29,0.19251,0.112644346,0
338,30/4/2022,0.2285,0.12112,0.066571338,0
339,2/5/2022,0.148,0.09754,0.098461234,0
340,6/5/2022,0.1865,0.08433,0.073234927,0
341,7/5/2022,0.327,0.113605,0.150599647,0
342,8/5/2022,0.315,0.20627,0.152963119,0
343,9/5/2022,0.104,0.088465,0.085754713,0
344,11/5/2022,0.16133,0.109635,0.086528661,0
345,13/5/2022,0.172,0.09251,0.13179448,0
346,15/5/2022,0.102,0.05286,0.073055754,0
347,18/5/2022,0.165,0.06858,0.102237202,0
348,20/5/2022,0.117,0.05003,0.099949545,0
349,21/5/2022,0.172,0.08389,0.114023724,0
350,24/5/2022,0.127,0.034095,0.102229927,0
351,27/5/2022,0.174,0.08265,0.125643732,0
352,29/5/2022,0.1845,0.07689,0.067579987,0
353,30/5/2022,0.172,0.10922,0.085420163,0
354,6/6/2022,0.241,0.13384,0.086919359,0
355,7/6/2022,0.165,0.11435,0.121836843,0
356,13/6/2022,0.12,0.038955,0.052075635,0
357,15/6/2022,0.11,0.06817,0.130817617,0
358,16/6/2022,0.137,0.03875,0.111844583,0
359,18/6/2022,0.148,0.10695,0.123726175,0
360,22/6/2022,0.145,0.09659,0.08146045,0
361,23/6/2022,0.183,0.15463,0.149447994,0
362,26/6/2022,0.104,0.065485,0.097819563,0
363,27/6/2022,0.132,0.050555,0.07249626,0
364,28/6/2022,0.152,0.079085,0.077447287,0
365,29/6/2022,0.113,0.077545,0.097416085,0
366,30/6/2022,0.055,0.043,0.056439049,0
367,1/7/2022,0.06,0.064,0.091162939,0
368,6/7/2022,0.223,0.090935,0.108439438,0
369,7/7/2022,0.135,0.08463,0.090157489,0
370,8/7/2022,0.252,0.179455,0.161265489,0
371,9/7/2022,0.1865,0.15886,0.151524344,0
372,17/7/2022,0.169,0.14562,0.085786945,0
373,18/7/2022,0.226,0.16318,0.154541859,0
374,22/7/2022,0.223,0.07409,0.190476665,0
375,23/7/2022,0.0995,0.08902,0.089297593,0
376,24/7/2022,0.122,0.09939,0.104253877,0
377,25/7/2022,0.1075,0.10849,0.091810865,0
378,26/7/2022,0.158,0.119925,0.093273874,0
379,1/8/2022,0.203,0.12275,0.15910303,0
380,2/8/2022,0.114,0.16585,0.168547748,0
381,3/8/2022,0.16,0.10188,0.091351209,0
382,12/8/2022,0.048,0.08727,0.067893453,0
383,17/8/2022,0.091,0.065225,0.08553801,0
384,25/8/2022,0.19,0.08797,0.129999784,0
385,26/8/2022,0.16067,0.186835,0.15923862,0
386,28/8/2022,0.222,0.1855,0.145282112,0
387,30/8/2022,0.372,0.194535,0.174071924,0
388,2/9/2022,0.349,0.31728,0.282951144,0
389,8/9/2022,0.238,0.137815,0.176946077,0
390,9/9/2022,0.1865,0.19135,0.188942417,0
391,11/9/2022,0.269,0.207575,0.216587922,0
392,18/9/2022,0.116,0.126065,0.114847129,0
393,20/9/2022,0.155,0.12577,0.120332238,0
394,25/9/2022,0.101,0.12658,0.05055181,0
395,30/9/2022,0.157,0.19259,0.079068246,0
396,2/10/2022,0.133,0.1768,0.08441448,0
397,29/10/2022,0.38,0.32356,0.127452136,0
398,18/11/2022,0.255,0.23997,0.234253238,0
399,30/11/2022,0.094,0.14244,0.111506013,0
400,24/12/2022,0.025,0.08429,0.068956161,0
400,27/1/2023,0.293,0.312,0.081307808,1
400,10/5/2023,0.124,0.1234,0.052511511,1
400,14/5/2023,0.285,0.22133,0.112529266,1
400,20/5/2023,0.15,0.132855,0.076885283,1
400,21/5/2023,0.185,0.09935,0.05628764,1
400,22/5/2023,0.1125,0.064195,0.071218336,1
400,24/5/2023,0.132,0.070205,0.063802594,1
400,28/5/2023,0.23,0.167835,0.064531161,1
400,29/5/2023,0.051,0.05885,0.085163577,1
400,4/6/2023,0.196,0.123625,0.070460665,1
400,6/6/2023,0.132,0.07111,0.062144345,1
400,12/6/2023,0.094,0.09028,0.080224216,1
400,13/6/2023,0.074,0.07799,0.072025937,1
400,14/6/2023,0.154,0.05101,0.06396232,1
400,15/6/2023,0.243,0.16635,0.131935663,1
400,19/6/2023,0.154,0.13023,0.108695034,1
400,20/6/2023,0.145,0.10423,0.084210437,1
400,21/6/2023,0.14,0.081665,0.062223977,1
400,23/6/2023,0.193,0.19993,0.131866788,1
400,25/6/2023,0.126,0.101665,0.128427209,1
400,30/6/2023,0.115,0.04123,0.063959125,1
400,12/7/2023,0.073,0.06086,0.046419064,1
400,14/7/2023,0.314,0.23712,0.058844248,1
400,22/7/2023,0.169,0.09546,0.104139415,1
400,23/7/2023,0.117,0.08847,0.0695497,1
400,24/7/2023,0.191,0.1559,0.106072986,1
400,30/7/2023,0.167,0.11451,0.121766931,1
400,1/8/2023,0.21,0.10993,0.11671195,1
400,7/8/2023,0.134,0.087725,0.037876079,1
400,17/9/2023,0.293,0.22625,0.113994991,1
400,24/9/2023,0.215,0.2132,0.183154401,1
400,28/9/2023,0.204,0.152785,0.099602218,1
400,29/9/2023,0.172,0.184925,0.096693531,1
400,11/10/2023,0.004,0.090125,0.06041918,1
400,18/11/2023,0.077,0.143005,0.10970957,1
400,25/11/2023,0.11,0.1725,0.062079049,1
400,9/12/2023,0.092,0.16062,0.098323673,1
400,13/12/2023,0.1575,0.15229,0.03511624,1
400,23/1/2024,0.243,0.197175,0.079669955,1
400,30/1/2024,0.3535,0.30694,0.112718589,1
400,4/3/2024,0.344,0.2795,0.08993008,1
400,9/3/2024,0.233,0.27731,0.092702489,1
400,12/3/2024,0.501,0.240895,0.147289524,1
400,27/3/2024,0.163,0.190115,0.045317864,1
400,26/4/2024,0.111,0.12181,0.078311051,1
400,27/4/2024,0.07,0.106,0.053526098,1
400,28/4/2024,0.19,0.08784,0.04788258,1
400,29/4/2024,0.071,0.05931,0.033446407,1
400,30/4/2024,0.084,0.092705,0.077756469,1
400,4/5/2024,0.161,0.097835,0.092932513,1
400,5/5/2024,0.1965,0.18244,0.148375476,1
400,10/5/2024,0.0835,0.067105,0.069480933,1
400,15/5/2024,0.062,0.064215,0.064168191,1
400,17/5/2024,0.117,0.07877,0.096926628,1
400,21/5/2024,0.1205,0.088275,0.090870474,1
400,24/5/2024,0.066,0.09893,0.147769893,1
400,28/5/2024,0.074,0.088795,0.06645504,1
400,30/5/2024,0.055,0.061695,0.068153955,1
400,31/5/2024,0.118,0.051035,0.04973803,1
400,2/6/2024,0.1,0.08614,0.101279044,1
400,15/6/2024,0.166,0.13578,0.112816581,1
400,27/6/2024,0.198,0.14025,0.10748298,1
400,29/6/2024,0.12,0.12493,0.061212745,1
400,9/7/2024,0.135,0.10465,0.042202923,1
400,11/7/2024,0.116,0.046665,0.047191732,1
400,3/8/2024,0.155,0.11192,0.197459324,1
400,23/8/2024,0.032,0.093175,0.085661649,1
400,25/8/2024,0.254,0.188475,0.085277514,1
400,27/8/2024,0.229,0.18554,0.148662897,1
400,1/9/2024,0.075,0.10859,0.072880066,1
400,10/9/2024,0.164,0.098355,0.062759759,1
400,13/10/2024,0.019,0.08203,0.071325106,1
400,14/11/2024,0.051,0.05828,0.063028161,1
400,16/12/2024,0.041,0.15398,0.054483682,1
400,22/12/2024,0.2,0.20459,0.048363531,1
