,date,AOD_550_maiac_mean_60,AOD_550_AER_mean_60,AOD_550_maiac_mean_61,AOD_550_AER_mean_61
1,1/1/2015,0.095,0.09389323,0.11229,0.076435584
3,3/1/2015,0.017,0.070998376,0.048625,0.06972002
4,4/1/2015,0.1135,0.099995485,0.168,0.099995485
5,5/1/2015,0.118375,0.104721536,0.13725,0.104721536
6,6/1/2015,0.104,0.140707896,0.15975,0.140707896
7,7/1/2015,0.186875,0.185077876,0.212875,0.185077876
8,8/1/2015,0.098875,0.129203629,0.109,0.129203629
9,9/1/2015,0.06675,0.120053255,0.07425,0.118934816
10,10/1/2015,0.057,0.116567464,0.102875,0.107037114
11,11/1/2015,0.093,0.094239051,0.10925,0.094239051
12,12/1/2015,0.09725,0.122175176,0.108,0.122175176
13,13/1/2015,0.127375,0.173451388,0.1765,0.173451388
14,14/1/2015,0.1335,0.173963602,0.152625,0.173963602
15,15/1/2015,0.082415,0.175125396,0.1145,0.175125396
16,16/1/2015,0.113125,0.165517699,0.1455,0.15856787
17,17/1/2015,0.128625,0.158845655,0.14675,0.158845655
18,18/1/2015,0.25925,0.229989941,0.268875,0.221802057
19,20/1/2015,0.10925,0.189305909,0.12025,0.189305909
20,21/1/2015,0.208625,0.231401075,0.226875,0.231401075
21,22/1/2015,0.1035,0.208819439,0.13075,0.208819439
22,23/1/2015,0.0785,0.136642237,0.10375,0.108562606
23,24/1/2015,0.063625,0.087088447,0.065375,0.087088447
24,25/1/2015,0.07075,0.071682227,0.08425,0.071682227
25,26/1/2015,0.01725,0.08673841,0.049125,0.074346313
26,27/1/2015,0.04075,0.044990779,0.04325,0.083944161
27,28/1/2015,0.0495,0.146107889,0.087583333,0.131753877
28,29/1/2015,0.087125,0.134268175,0.125375,0.134268175
30,31/1/2015,0.088125,0.13296347,0.11475,0.13296347
31,1/2/2015,0.090583333,0.111229752,0.105083333,0.111229752
32,2/2/2015,0.0815,0.125719113,0.110625,0.125719113
33,3/2/2015,0.045,0.086698049,0.082875,0.119410441
34,4/2/2015,0.068625,0.109894148,0.079,0.109894148
35,5/2/2015,0.096125,0.157159119,0.14446,0.157159119
36,7/2/2015,0.04975,0.109214781,0.073375,0.109214781
37,8/2/2015,0.05075,0.081697044,0.090625,0.070857794
38,10/2/2015,0.081375,0.166466748,0.1055,0.166466748
39,11/2/2015,0.0265,0.167732458,0.08525,0.154709443
40,12/2/2015,0.05075,0.116726368,0.07625,0.116726368
41,13/2/2015,0.07225,0.13405408,0.078916667,0.13405408
42,14/2/2015,0.087625,0.181202371,0.1425,0.181202371
43,15/2/2015,0.13,0.124887316,0.137625,0.143053223
44,16/2/2015,0.076125,0.196867083,0.108375,0.196867083
45,17/2/2015,0.0775,0.155598194,0.111916667,0.152414432
46,18/2/2015,0.09925,0.110341512,0.094,0.110341512
47,19/2/2015,0.156,0.245741704,0.17975,0.245741704
48,21/2/2015,0.1315,0.202994328,0.188625,0.202994328
49,22/2/2015,0.106375,0.117237991,0.1255,0.117237991
50,23/2/2015,0.05925,0.12631016,0.082125,0.12631016
51,25/2/2015,0.10675,0.155370899,0.10075,0.155370899
52,26/2/2015,0.16375,0.273042776,0.1895,0.273042776
53,27/2/2015,0.12075,0.319802345,0.16375,0.253393722
55,1/3/2015,0.041625,0.116484517,0.073,0.104719102
56,2/3/2015,0.076375,0.129532934,0.124875,0.129532934
57,3/3/2015,0.080875,0.138030432,0.095125,0.138030432
58,4/3/2015,0.06175,0.100379589,0.07025,0.100379589
59,5/3/2015,0.03225,0.111113347,0.053,0.109674255
60,6/3/2015,0.018,0.156230692,0.07375,0.158150817
61,7/3/2015,0.10375,0.119636859,0.11525,0.154477351
62,8/3/2015,0.05825,0.126698481,0.085875,0.099833696
63,9/3/2015,0.03975,0.055300749,0.03975,0.099205078
64,10/3/2015,0.053875,0.110251802,0.0645,0.110251802
65,11/3/2015,0.05975,0.14366438,0.056375,0.14366438
67,13/3/2015,0.088625,0.173672067,0.097625,0.173672067
68,14/3/2015,0.059,0.151836037,0.060875,0.151836037
69,15/3/2015,0.066625,0.101081685,0.067875,0.101081685
70,16/3/2015,0.074875,0.148137335,0.08775,0.148137335
71,17/3/2015,0.080875,0.180457169,0.089583333,0.184504578
72,18/3/2015,0.06225,0.100610284,0.077875,0.138823653
73,19/3/2015,0.081375,0.146040001,0.095125,0.146040001
74,20/3/2015,0.04725,0.086247697,0.049125,0.086247697
75,22/3/2015,0.097,0.145109622,0.1245,0.123078263
76,27/3/2015,0.104,0.098735383,0.111625,0.098735383
77,28/3/2015,0.06225,0.160540768,0.135875,0.169732863
78,29/3/2015,0.14575,0.148255621,0.157625,0.148255621
79,30/3/2015,0.1285,0.141328227,0.1375,0.141328227
80,31/3/2015,0.045,0.114782669,0.0425,0.114782669
81,1/4/2015,0.06325,0.097875594,0.086625,0.114267761
82,2/4/2015,0.029,0.172364701,0.068666667,0.162299819
83,3/4/2015,0.10375,0.098750767,0.105,0.098750767
84,4/4/2015,0.0645,0.138540207,0.095125,0.119789229
85,5/4/2015,0.10175,0.043145183,0.085,0.06355635
86,6/4/2015,0.07775,0.098247378,0.09675,0.098247378
88,8/4/2015,0.108,0.299475021,0.124375,0.299475021
89,9/4/2015,0.03225,0.10342936,0.044125,0.110341399
90,10/4/2015,0.038875,0.088694312,0.048625,0.088694312
91,11/4/2015,0.045375,0.099565387,0.05825,0.099565387
92,12/4/2015,0.104125,0.138453965,0.115375,0.138453965
93,13/4/2015,0.124,0.232530857,0.1515,0.232530857
94,14/4/2015,0.18075,0.326234086,0.194875,0.326234086
96,17/4/2015,0.0435,0.143268672,0.06175,0.143268672
97,18/4/2015,0.03125,0.101184569,0.034916667,0.101184569
98,21/4/2015,0.06975,0.210837695,0.106625,0.215904754
99,22/4/2015,0.052375,0.150788108,0.0565,0.150788108
100,23/4/2015,0.04425,0.145297543,0.049625,0.145297543
101,24/4/2015,0.035125,0.146589774,0.03975,0.146589774
102,25/4/2015,0.18625,0.374092558,0.20125,0.374092558
104,27/4/2015,0.16475,0.400452722,0.196125,0.367335561
105,28/4/2015,0.093,0.136417009,0.118125,0.221234559
107,30/4/2015,0.07725,0.23619089,0.08375,0.23619089
109,4/5/2015,0.034875,0.148559086,0.043875,0.148559086
110,5/5/2015,0.08625,0.157720825,0.114,0.167420468
111,6/5/2015,0.0535,0.155025674,0.066125,0.155025674
112,7/5/2015,0.14475,0.178984562,0.155,0.178984562
113,14/7/2015,0.11975,0.210155175,0.15625,0.210155175
114,20/7/2015,0.104125,0.189807907,0.117375,0.189807907
115,22/7/2015,0.09275,0.236773981,0.11125,0.236773981
116,23/7/2015,0.072166667,0.182650302,0.080833333,0.182650302
117,11/8/2015,0.18575,0.309319081,0.2065,0.309319081
118,14/8/2015,0.312375,0.362966517,0.27967,0.35579709
119,16/8/2015,0.179,0.245752908,0.21425,0.245752908
120,18/8/2015,0.165,0.303829802,0.185835,0.303829802
121,19/8/2015,0.056,0.139045473,0.06225,0.139045473
122,20/8/2015,0.118,0.132108235,0.141125,0.132108235
123,26/8/2015,0.139,0.265305045,0.16333,0.265305045
125,31/8/2015,0.03625,0.102322565,0.05425,0.102322565
126,1/9/2015,0.028875,0.116507056,0.04925,0.116507056
127,2/9/2015,0.077,0.101919455,0.08967,0.101919455
128,3/9/2015,0.028,0.113204342,0.04425,0.113204342
129,4/9/2015,0.0855,0.153554928,0.101875,0.153554928
130,5/9/2015,0.0595,0.183580675,0.07225,0.183580675
131,11/9/2015,0.09796,0.151376474,0.114875,0.151376474
132,12/9/2015,0.05325,0.187086389,0.0585,0.187086389
133,13/9/2015,0.04054,0.140658545,0.046625,0.140658545
135,22/9/2015,0.152,0.210507565,0.1795,0.210507565
136,23/9/2015,0.099,0.156759388,0.13975,0.156759388
138,29/9/2015,0.1305,0.208402175,0.1525,0.208402175
139,30/9/2015,0.11475,0.15528616,0.15475,0.15528616
140,2/10/2015,0.0715,0.137170574,0.09533,0.137170574
141,22/10/2015,0.07575,0.200569516,0.06225,0.200569516
142,26/10/2015,0.036,0.160411006,0.055125,0.160411006
144,1/11/2015,0.083375,0.121937465,0.118125,0.121937465
145,5/11/2015,0.113,0.14636093,0.0865,0.14636093
146,6/11/2015,0.06425,0.174329585,0.108,0.174329585
147,7/11/2015,0.23475,0.182188862,0.2325,0.182188862
149,10/11/2015,0.081,0.163402117,0.074,0.163402117
150,11/4/2016,0.028,0.143420588,0.0355,0.143420588
151,19/4/2016,0.1055,0.160653258,0.168625,0.177283483
152,21/4/2016,0.155375,0.233634903,0.169125,0.233634903
153,26/4/2016,0.044125,0.080755583,0.053915,0.080755583
154,29/4/2016,0.123375,0.312878195,0.14375,0.312878195
156,6/6/2016,0.115625,0.212645679,0.15275,0.212645679
157,7/6/2016,0.075666667,0.157274693,0.079776667,0.157274693
158,8/6/2016,0.06125,0.083732466,0.084,0.083732466
159,10/6/2016,0.046375,0.09769607,0.076875,0.09769607
160,15/6/2016,0.09175,0.216994954,0.119,0.216994954
161,16/6/2016,0.04525,0.132550231,0.04175,0.132550231
162,5/7/2016,0.075,0.116301655,0.12125,0.116301655
163,6/7/2016,0.046,0.15481904,0.0685,0.15481904
165,15/7/2016,0.074125,0.186452113,0.110875,0.186452113
166,18/7/2016,0.0575,0.150695237,0.068375,0.150695237
167,20/7/2016,0.11575,0.345868365,0.137,0.345868365
168,21/7/2016,0.04475,0.147149261,0.04475,0.147149261
169,22/7/2016,0.0475,0.137338273,0.097,0.137338273
171,27/7/2016,0.05175,0.125671663,0.0625,0.125671663
172,21/8/2016,0.08975,0.083074737,0.0835,0.083074737
173,22/8/2016,0.038375,0.074351785,0.04525,0.074351785
174,25/8/2016,0.084375,0.340877102,0.128625,0.340877102
175,29/8/2016,0.073375,0.189239414,0.098,0.189239414
176,30/8/2016,0.055125,0.160613408,0.062125,0.160613408
177,1/9/2016,0.093,0.192932168,0.112,0.192932168
178,2/9/2016,0.10175,0.218234255,0.11625,0.218234255
179,3/9/2016,0.090375,0.194007604,0.13,0.194007604
180,4/9/2016,0.1,0.137743992,0.103125,0.137743992
181,5/9/2016,0.04125,0.107174371,0.041875,0.107174371
182,6/9/2016,0.051375,0.136425078,0.04225,0.136425078
183,7/9/2016,0.0315,0.129376787,0.0365,0.129376787
184,9/9/2016,0.0395,0.106480569,0.0385,0.106480569
185,10/9/2016,0.09575,0.191158597,0.122875,0.191158597
186,17/9/2016,0.05225,0.117539755,0.063,0.117539755
187,18/9/2016,0.09,0.154887381,0.09775,0.154887381
188,19/9/2016,0.047875,0.116815682,0.094,0.116815682
189,21/9/2016,0.070125,0.162821297,0.089625,0.162821297
190,22/9/2016,0.04975,0.180781539,0.115625,0.184667019
191,23/9/2016,0.0525,0.176644605,0.07925,0.176644605
192,24/9/2016,0.026875,0.089415986,0.026,0.089415986
193,25/9/2016,0.127625,0.149201391,0.140625,0.149201391
194,26/9/2016,0.0545,0.143757494,0.062625,0.143757494
195,27/9/2016,0.104125,0.278465275,0.119375,0.278465275
196,28/9/2016,0.178375,0.292344125,0.229,0.292344125
197,30/9/2016,0.039,0.181008715,0.0505,0.181008715
198,2/10/2016,0.038125,0.095825912,0.04575,0.095825912
199,3/10/2016,0.0435,0.117013239,0.0395,0.117013239
200,4/10/2016,0.075625,0.086676648,0.076375,0.086676648
201,5/10/2016,0.013,0.15199224,0.01425,0.15199224
202,19/10/2016,0.186,0.198652531,0.21,0.198652531
203,20/10/2016,0.11125,0.153956958,0.077,0.153956958
204,22/10/2016,0.1215,0.162541527,0.14725,0.162541527
206,25/10/2016,0.057375,0.098311534,0.047625,0.098311534
207,26/10/2016,0.01625,0.082734574,0.009375,0.082734574
208,27/10/2016,0.03675,0.118852931,0.057875,0.097436301
209,29/10/2016,0.2115,0.312313639,0.225875,0.312313639
210,1/11/2016,0.02975,0.044606151,0.04325,0.044606151
211,2/11/2016,0.036416667,0.064539189,0.0285,0.064539189
212,3/11/2016,0.0285,0.077312935,0.021625,0.059198922
213,4/11/2016,0.02625,0.049975628,0.01675,0.092379184
214,5/11/2016,0.054,0.110025863,0.076375,0.087120118
215,7/11/2016,0.093125,0.099122038,0.108125,0.099122038
216,8/11/2016,0.11375,0.123315593,0.12325,0.123315593
217,9/11/2016,0.109875,0.120539923,0.1245,0.120539923
218,10/11/2016,0.0565,0.09344004,0.06125,0.09344004
219,11/11/2016,0.0875,0.182795673,0.13625,0.182795673
220,17/11/2016,0.038,0.051613761,0.0325,0.051613761
221,18/11/2016,0.323125,0.261476711,0.33189,0.323882112
222,21/11/2016,0.08725,0.15609979,0.09975,0.15609979
223,22/11/2016,0.193,0.272678122,0.246,0.272678122
224,24/11/2016,0.045,0.146748705,0.12025,0.138595417
226,26/11/2016,0.086915,0.11662137,0.10696,0.11662137
227,27/11/2016,0.127,0.096401142,0.13225,0.096401142
228,28/11/2016,0.067625,0.08451178,0.0435,0.08451178
229,29/11/2016,0.02925,0.123621863,0.04075,0.123621863
230,30/11/2016,0.186333333,0.196559373,0.205416667,0.196559373
231,1/12/2016,0.12125,0.273318051,0.244125,0.20221731
232,2/12/2016,0.15975,0.157402145,0.171625,0.157402145
233,3/12/2016,0.12254,0.16478705,0.1525,0.16478705
234,5/12/2016,0.09125,0.15286419,0.10125,0.15286419
235,6/12/2016,0.0815,0.129854668,0.059,0.12100128
236,7/12/2016,0.05875,0.1658147,0.0715,0.1658147
237,8/12/2016,0.208,0.19996968,0.28475,0.19996968
239,11/12/2016,0.177125,0.144643413,0.189625,0.144643413
240,12/12/2016,0.106625,0.102506783,0.1235,0.102506783
241,13/12/2016,0.04825,0.069692965,0.063125,0.100929768
242,14/12/2016,0.0245,0.094147642,0.04975,0.09613084
243,15/12/2016,0.3125,0.332743758,0.3595,0.416081722
244,16/12/2016,0.40575,0.45473771,0.344,0.323389444
245,17/12/2016,0.15875,0.140917067,0.1535,0.140917067
246,18/12/2016,0.12025,0.174622872,0.147625,0.13220822
247,19/12/2016,0.061375,0.112702391,0.095,0.112702391
248,20/12/2016,0.09175,0.175302029,0.186583333,0.212268689
249,21/12/2016,0.1245,0.29107801,0.131625,0.225158144
250,22/12/2016,0.14925,0.187097149,0.14975,0.226536547
251,23/12/2016,0.10925,0.211567163,0.159875,0.198101993
252,24/12/2016,0.29725,0.329409517,0.3395,0.387215085
254,27/12/2016,0.092625,0.106052415,0.099875,0.106052415
255,28/12/2016,0.09425,0.103506531,0.13525,0.093155084
256,29/12/2016,0.1585,0.185436589,0.20225,0.196702671
257,30/12/2016,0.21675,0.309510235,0.19075,0.22785941
259,4/1/2017,0.050125,0.230816745,0.092125,0.230816745
260,5/1/2017,0.055625,0.123882979,0.086416667,0.119312235
261,6/1/2017,0.0885,0.156053338,0.141125,0.143420565
262,7/1/2017,0.17467,0.236120401,0.15675,0.204604727
263,8/1/2017,0.12575,0.157677317,0.189625,0.15239197
264,9/1/2017,0.06,0.068975984,0.05375,0.068975984
265,10/1/2017,0.0765,0.12414955,0.103,0.12414955
266,11/1/2017,0.0905,0.098894479,0.108625,0.098894479
267,12/1/2017,0.049,0.107473155,0.098125,0.094039373
268,13/1/2017,0.058,0.121995066,0.086875,0.113123419
269,14/1/2017,0.082,0.101440176,0.086,0.101440176
270,15/1/2017,0.066,0.080499636,0.104,0.08515928
271,16/1/2017,0.12725,0.172026337,0.129875,0.184915022
272,17/1/2017,0.090083333,0.147680009,0.09475,0.147680009
273,18/1/2017,0.062,0.124277819,0.0975,0.124277819
274,19/1/2017,0.62925,0.767326765,0.611375,0.767326765
275,20/1/2017,0.798,0.293347188,0.52354,0.391138017
276,21/1/2017,0.750166667,0.566033677,0.686,0.566033677
277,22/1/2017,0.498,0.660438622,0.458625,0.584170442
279,24/1/2017,0.259,0.469888929,0.2625,0.359265535
281,26/1/2017,0.356,0.399197668,0.43375,0.405009376
282,27/1/2017,0.274375,0.469453845,0.307125,0.469453845
283,28/1/2017,0.9365,1.843111677,0.658375,1.193557386
284,29/1/2017,0.71125,0.958694167,0.688375,0.958694167
285,30/1/2017,0.704875,0.824791376,0.650375,0.824791376
286,31/1/2017,0.1765,0.396259156,0.2265,0.296748892
287,1/2/2017,0.295,0.377436725,0.34575,0.437738882
288,2/2/2017,0.185375,0.334071964,0.221125,0.334071964
290,6/2/2017,0.058875,0.148933031,0.103333333,0.146953234
291,7/2/2017,0.048,0.108720421,0.07671,0.114128389
292,8/2/2017,0.04775,0.081185231,0.072875,0.122110549
294,11/2/2017,0.02325,0.094633454,0.079375,0.086488018
295,12/2/2017,0.0745,0.092864007,0.107375,0.092864007
296,13/2/2017,0.0625,0.125719818,0.12075,0.109918825
297,14/2/2017,0.09675,0.182888395,0.17475,0.168857268
298,15/2/2017,0.09825,0.13492376,0.120125,0.13492376
299,16/2/2017,0.068,0.169701239,0.161335,0.159929251
301,18/2/2017,0.016875,0.094260616,0.05775,0.092884161
302,19/2/2017,0.05325,0.08719603,0.091375,0.097556604
303,20/2/2017,0.077875,0.098019735,0.08425,0.098019735
304,21/2/2017,0.047125,0.086977676,0.05,0.086977676
305,22/2/2017,0.072625,0.141463319,0.117916667,0.143288634
306,23/2/2017,0.09425,0.223701109,0.171125,0.246979163
308,27/2/2017,0.27875,0.244308147,0.2795,0.244308147
309,28/2/2017,0.131375,0.168719124,0.153,0.168719124
310,2/3/2017,0.11575,0.125532616,0.202125,0.148334839
311,4/3/2017,0.04425,0.070523932,0.072625,0.068841348
313,6/3/2017,0.052125,0.083526342,0.04675,0.083526342
314,8/3/2017,0.02075,0.102998813,0.045,0.102998813
315,26/3/2017,0.02025,0.113749939,0.08104,0.117139073
316,27/3/2017,0.02,0.157762312,0.051875,0.139155557
318,30/3/2017,0.06675,0.137281272,0.09025,0.137281272
319,31/3/2017,0.07246,0.138678003,0.08725,0.138678003
321,2/4/2017,0.0485,0.137124985,0.088625,0.131684814
322,3/4/2017,0.0205,0.124408186,0.01125,0.124408186
323,5/4/2017,0.0155,0.160045065,0.03825,0.151555135
324,6/4/2017,0.043,0.167080542,0.059,0.167080542
325,8/4/2017,0.192,0.127686919,0.179875,0.114386509
326,9/4/2017,0.0325,0.082888221,0.086,0.085782223
327,10/4/2017,0.052,0.101428576,0.039875,0.101428576
328,11/4/2017,0.02975,0.106465705,0.030083333,0.097427532
331,22/4/2017,0.12525,0.169198778,0.1495,0.169198778
332,23/4/2017,0.1055,0.198132403,0.13225,0.198132403
333,25/4/2017,0.1125,0.182938443,0.14175,0.182938443
334,26/4/2017,0.082125,0.155609353,0.089625,0.155609353
335,27/4/2017,0.04325,0.1039354,0.0505,0.1039354
336,28/4/2017,0.0385,0.123413248,0.042375,0.123413248
337,29/4/2017,0.0525,0.095683685,0.067125,0.095683685
338,30/4/2017,0.08025,0.113304187,0.08825,0.113304187
340,3/5/2017,0.07825,0.164550698,0.0825,0.164550698
341,4/5/2017,0.1145,0.235397108,0.11825,0.235397108
342,6/5/2017,0.2535,0.419414394,0.282,0.419414394
344,31/5/2017,0.09625,0.136073531,0.1085,0.136073531
346,3/6/2017,0.135625,0.2063674,0.13875,0.2063674
347,4/6/2017,0.202,0.252366985,0.207,0.252366985
348,6/6/2017,0.08175,0.154281132,0.08925,0.154281132
349,9/6/2017,0.10625,0.186286992,0.117375,0.186286992
350,10/6/2017,0.056333333,0.098379372,0.054833333,0.098379372
351,11/6/2017,0.085625,0.092006882,0.097375,0.092006882
352,18/6/2017,0.115,0.144033458,0.149665,0.134498928
353,27/6/2017,0.10325,0.1723923,0.12167,0.1723923
354,28/6/2017,0.099625,0.175624675,0.10075,0.175624675
355,29/6/2017,0.102,0.148572737,0.10925,0.148572737
356,30/6/2017,0.051083333,0.101335771,0.05525,0.101335771
357,1/7/2017,0.023125,0.073761499,0.046125,0.073761499
358,2/7/2017,0.0705,0.105489749,0.10175,0.105489749
359,7/7/2017,0.07425,0.098672406,0.08075,0.098672406
360,10/7/2017,0.102,0.283793053,0.153,0.283793053
361,11/7/2017,0.036,0.123311075,0.084625,0.095708294
362,12/7/2017,0.134,0.305845217,0.149,0.305845217
363,16/7/2017,0.046,0.052903192,0.05825,0.052903192
364,17/7/2017,0.0525,0.083379377,0.0905,0.083379377
365,20/7/2017,0.039125,0.105903383,0.066875,0.105903383
366,21/7/2017,0.044125,0.118522312,0.039875,0.118522312
367,24/7/2017,0.20475,0.406356298,0.247,0.406356298
368,25/7/2017,0.074,0.159537566,0.09275,0.159537566
369,26/7/2017,0.0395,0.149789197,0.068,0.149789197
370,2/8/2017,0.048875,0.168886381,0.073875,0.168886381
371,3/8/2017,0.0405,0.08825559,0.04525,0.08825559
372,4/8/2017,0.18525,0.323979163,0.205,0.323979163
373,6/8/2017,0.16925,0.308033567,0.18225,0.308033567
374,12/8/2017,0.11275,0.0909754,0.145,0.0909754
375,14/8/2017,0.077625,0.091905337,0.102335,0.091905337
376,16/8/2017,0.08425,0.138337084,0.11475,0.138337084
377,17/8/2017,0.062166667,0.148184444,0.068333333,0.148184444
378,20/8/2017,0.07704,0.11362507,0.088835,0.11362507
379,21/8/2017,0.037,0.078673275,0.0705,0.078673275
380,30/8/2017,0.05675,0.129276057,0.08617,0.129276057
381,31/8/2017,0.072375,0.163496662,0.08125,0.163496662
382,1/9/2017,0.1035,0.203710519,0.155,0.203710519
383,2/9/2017,0.15675,0.287659229,0.17525,0.287659229
384,4/9/2017,0.021375,0.140217202,0.03125,0.140217202
385,7/9/2017,0.157,0.265627327,0.179875,0.265627327
386,14/9/2017,0.226,0.332635146,0.23867,0.332635146
387,15/9/2017,0.0445,0.213367098,0.0995,0.213367098
388,16/9/2017,0.036,0.072855018,0.03525,0.072855018
389,17/9/2017,0.051625,0.104454533,0.087625,0.104454533
390,18/9/2017,0.249,0.23990582,0.264875,0.23990582
392,21/9/2017,0.08,0.221952639,0.0925,0.221952639
393,22/9/2017,0.038,0.160389474,0.043375,0.160389474
394,23/9/2017,0.019,0.160568969,0.0325,0.160568969
395,24/9/2017,0.047,0.184205309,0.09525,0.184205309
396,16/10/2017,0.169,0.209899173,0.18075,0.209899173
397,18/10/2017,0.222,0.33527693,0.23725,0.33527693
398,19/10/2017,0.013,0.158418799,0.00525,0.158418799
399,21/10/2017,0.041,0.077092738,0.01825,0.077092738
400,25/10/2017,0.12825,0.140076042,0.12875,0.140076042
402,15/11/2017,0.07075,0.120246793,0.021,0.120246793
403,29/11/2017,0.13425,0.111159923,0.112,0.111159923
404,8/12/2017,0.10975,0.143965946,0.126875,0.143965946
405,9/12/2017,0.040375,0.091976579,0.044,0.091976579
406,10/12/2017,0.05875,0.079951254,0.0455,0.079951254
407,11/12/2017,0.211875,0.244033255,0.22704,0.244033255
408,13/12/2017,0.036625,0.134346455,0.033625,0.134346455
410,15/12/2017,0.0485,0.083224598,0.039,0.083224598
411,17/12/2017,0.091,0.066784981,0.09025,0.066784981
412,19/12/2017,0.056916667,0.113324332,0.0695,0.113324332
413,20/12/2017,0.13625,0.098596876,0.14475,0.098596876
414,21/12/2017,0.08575,0.106755126,0.101,0.106755126
415,22/12/2017,0.07,0.093377119,0.070625,0.093377119
416,23/12/2017,0.04275,0.088812829,0.055,0.088812829
417,24/12/2017,0.097375,0.081898528,0.114,0.096898333
418,25/12/2017,0.07425,0.093237303,0.08025,0.093237303
419,26/12/2017,0.099,0.081383081,0.09425,0.081383081
420,27/12/2017,0.07625,0.090935662,0.10475,0.090935662
421,28/12/2017,0.07025,0.079654844,0.078375,0.079654844
422,29/12/2017,0.065375,0.084620135,0.077375,0.084620135
423,30/12/2017,0.084125,0.083849911,0.100875,0.083849911
424,24/5/2018,0.073,0.143416607,0.056,0.143416607
425,25/5/2018,0.05275,0.133178604,0.058,0.133178604
426,1/6/2018,0.107833333,0.188493102,0.114583333,0.188493102
427,2/6/2018,0.090875,0.143251065,0.10375,0.143251065
428,3/6/2018,0.139875,0.218185832,0.168125,0.218185832
429,6/6/2018,0.060625,0.106167408,0.0695,0.106167408
430,7/6/2018,0.051125,0.078618415,0.05925,0.078618415
431,13/6/2018,0.064625,0.10729249,0.08675,0.10729249
432,18/6/2018,0.053,0.07063603,0.06275,0.07063603
433,19/6/2018,0.15025,0.160637268,0.15625,0.160637268
434,20/6/2018,0.1115,0.23995719,0.125,0.23995719
435,27/6/2018,0.0625,0.154013325,0.088625,0.17576125
436,29/6/2018,0.125125,0.257537607,0.153,0.257537607
437,7/7/2018,0.0835,0.091272368,0.131125,0.113735433
438,8/7/2018,0.078375,0.10813336,0.089,0.10813336
439,9/7/2018,0.07275,0.093429447,0.08575,0.093429447
440,11/7/2018,0.151,0.302204843,0.166,0.302204843
441,12/7/2018,0.11775,0.239782062,0.10075,0.239782062
442,13/7/2018,0.07275,0.101248595,0.086,0.101248595
443,14/7/2018,0.1495,0.140888952,0.1635,0.140888952
444,19/7/2018,0.110125,0.20632762,0.120125,0.20632762
445,20/7/2018,0.04625,0.095212921,0.055125,0.095212921
446,22/7/2018,0.091875,0.117614859,0.09925,0.117614859
447,23/7/2018,0.039875,0.089770818,0.0455,0.089770818
448,24/7/2018,0.084125,0.14899527,0.088625,0.14899527
449,25/7/2018,0.04725,0.110355144,0.06625,0.110355144
450,28/7/2018,0.060125,0.105519714,0.057125,0.105519714
452,30/7/2018,0.08225,0.144832445,0.09425,0.144832445
453,31/7/2018,0.087166667,0.194218797,0.105723333,0.194218797
454,3/8/2018,0.091875,0.284241437,0.11825,0.284241437
455,8/8/2018,0.04125,0.080961137,0.05075,0.080961137
456,9/8/2018,0.013,0.056604055,0.00425,0.056604055
457,13/8/2018,0.0425,0.132440122,0.04925,0.132440122
458,14/8/2018,0.02125,0.075628903,0.025,0.075628903
459,15/8/2018,0.03125,0.083999925,0.033625,0.083999925
460,16/8/2018,0.084583333,0.182219076,0.092333333,0.182219076
461,19/8/2018,0.059375,0.11716241,0.093,0.11716241
462,20/8/2018,0.040375,0.109903501,0.03475,0.109903501
463,21/8/2018,0.0185,0.112577247,0.0655,0.112464096
464,24/8/2018,0.04325,0.108887164,0.059,0.107156117
465,25/8/2018,0.053625,0.124393587,0.057,0.124393587
466,26/8/2018,0.04225,0.083346732,0.07375,0.083346732
467,27/8/2018,0.1365,0.143927248,0.13975,0.143927248
468,28/8/2018,0.12475,0.116966227,0.1675,0.116966227
469,29/8/2018,0.10767,0.275897917,0.126,0.275897917
471,2/9/2018,0.06825,0.103326586,0.112625,0.103326586
472,3/9/2018,0.040125,0.117091076,0.03625,0.117091076
473,4/9/2018,0.040625,0.097172025,0.039875,0.097172025
474,5/9/2018,0.245625,0.424074756,0.257125,0.424074756
475,6/9/2018,0.15575,0.281382267,0.166,0.281382267
476,7/9/2018,0.10725,0.234081342,0.1205,0.234081342
477,8/9/2018,0.064,0.159963866,0.073,0.159963866
478,9/9/2018,0.06925,0.167488944,0.07925,0.167488944
479,10/9/2018,0.045125,0.156917802,0.05475,0.156917802
481,13/9/2018,0.122,0.19011675,0.137125,0.19011675
482,14/9/2018,0.23475,0.275794112,0.25325,0.275794112
483,16/9/2018,0.032,0.159563328,0.05,0.159563328
484,21/9/2018,0.061166667,0.091953378,0.061083333,0.091953378
485,22/9/2018,0.058,0.064389364,0.07775,0.064389364
486,23/9/2018,0.08525,0.11261732,0.092,0.11261732
487,1/10/2018,0.08075,0.12731313,0.0705,0.12731313
488,2/10/2018,0.04675,0.108962886,0.050375,0.108962886
489,3/10/2018,0.042333333,0.10592885,0.050333333,0.10592885
490,5/10/2018,0.077,0.208753465,0.11125,0.208753465
491,6/10/2018,0.085125,0.115687041,0.080125,0.115687041
492,11/10/2018,0.1935,0.211172907,0.22375,0.211172907
493,12/10/2018,0.251,0.318332948,0.24925,0.318332948
494,13/10/2018,0.237,0.308512683,0.24625,0.308512683
495,14/10/2018,0.101125,0.150565604,0.1165,0.150565604
496,15/10/2018,0.128625,0.12808393,0.13175,0.12808393
498,18/10/2018,0.01825,0.137021718,0.029,0.137021718
499,19/10/2018,0.0225,0.102677151,0.046875,0.102677151
500,20/10/2018,0.0885,0.112434532,0.09175,0.112434532
502,26/10/2018,0.07567,0.160767136,0.123,0.160767136
503,31/10/2018,0.07525,0.156810909,0.10325,0.156810909
504,3/11/2018,0.059125,0.077085825,0.066375,0.077085825
505,4/11/2018,0.0255,0.071928518,0.037166667,0.063572108
506,5/11/2018,0.0205,0.086532626,0.04525,0.086532626
507,6/11/2018,0.049375,0.083539389,0.04825,0.083539389
508,7/11/2018,0.047875,0.104801615,0.0465,0.104801615
510,10/12/2018,0.054625,0.077571032,0.0795,0.077571032
511,11/12/2018,0.117,0.088191219,0.08667,0.088191219
512,12/12/2018,0.0895,0.147759166,0.07325,0.157137676
514,16/12/2018,0.080875,0.084387084,0.107375,0.084387084
515,17/12/2018,0.073625,0.087735369,0.105,0.087735369
516,18/12/2018,0.075,0.140052793,0.146875,0.121855579
517,19/12/2018,0.109625,0.155830383,0.138,0.155830383
518,20/12/2018,0.08425,0.104544862,0.131875,0.084026515
519,21/12/2018,0.0525,0.105453954,0.071375,0.105453954
520,22/12/2018,0.0615,0.129924712,0.162833333,0.133596938
522,24/12/2018,0.15875,0.110985852,0.136625,0.131562489
523,25/12/2018,0.09725,0.11148814,0.129375,0.11148814
524,26/12/2018,0.078375,0.132153758,0.11925,0.130213078
525,27/12/2018,0.09275,0.16820793,0.12575,0.12839879
526,28/12/2018,0.0635,0.087582701,0.065875,0.101587561
527,29/12/2018,0.112,0.08740165,0.101,0.08740165
528,30/12/2018,0.060625,0.057518298,0.098,0.057518298
529,31/12/2018,0.06825,0.075684971,0.08975,0.075684971
530,1/1/2019,0.093,0.078708927,0.112,0.078708927
532,3/1/2019,0.055125,0.071468534,0.0625,0.071468534
533,4/1/2019,0.066625,0.114821483,0.084,0.114821483
534,5/1/2019,0.1735,0.23023873,0.21225,0.21103432
537,10/1/2019,0.02675,0.120865691,0.058375,0.106735339
538,11/1/2019,0.059375,0.11852839,0.1105,0.113701151
539,12/1/2019,0.1005,0.107668333,0.17004,0.117827472
542,17/1/2019,0.072,0.115326138,0.10575,0.115326138
543,30/1/2019,0.04125,0.18036107,0.072,0.18036107
544,1/3/2019,0.056,0.131301646,0.079,0.121990936
545,2/3/2019,0.06275,0.113769614,0.082625,0.142298947
546,4/3/2019,0.0865,0.093689293,0.06225,0.093689293
547,5/3/2019,0.053875,0.102158151,0.05475,0.102158151
548,17/3/2019,0.076,0.083021969,0.0675,0.083021969
549,18/3/2019,0.07,0.114435345,0.08025,0.114435345
550,19/3/2019,0.049,0.096611624,0.0405,0.096611624
551,20/3/2019,0.04675,0.103375795,0.0915,0.103375795
552,21/3/2019,0.06475,0.152153551,0.080875,0.152153551
553,22/3/2019,0.0425,0.135685771,0.030375,0.135685771
554,23/3/2019,0.05875,0.190196087,0.100375,0.164542577
555,24/3/2019,0.066,0.176110896,0.0765,0.176110896
556,25/3/2019,0.0555,0.142927438,0.061125,0.142927438
557,26/3/2019,0.0725,0.142496645,0.074415,0.142496645
558,27/3/2019,0.091,0.128021313,0.0845,0.128021313
559,28/3/2019,0.12725,0.234275035,0.136833333,0.23573509
560,29/3/2019,0.15933,0.128369598,0.159,0.128369598
564,3/4/2019,0.209,0.287106468,0.22625,0.276153591
566,5/4/2019,0.07725,0.149638136,0.094125,0.149638136
567,6/4/2019,0.085585,0.152936206,0.103625,0.152936206
568,7/4/2019,0.111625,0.109103822,0.111625,0.109103822
571,10/4/2019,0.097375,0.265050059,0.102875,0.265050059
572,11/4/2019,0.121125,0.200780493,0.131625,0.200780493
573,15/4/2019,0.058375,0.149132153,0.06975,0.149132153
574,16/4/2019,0.063,0.108442689,0.05275,0.108442689
575,17/4/2019,0.07375,0.158331651,0.0825,0.158331651
577,21/4/2019,0.116,0.147858017,0.188,0.230516286
578,22/4/2019,0.151,0.219265776,0.141375,0.236135651
580,26/4/2019,0.0835,0.183787722,0.130875,0.258680112
582,28/4/2019,0.14825,0.177612518,0.155,0.18183665
583,29/4/2019,0.086,0.256358718,0.11875,0.256358718
584,30/4/2019,0.09625,0.127468831,0.1,0.127468831
586,14/5/2019,0.04575,0.093708306,0.039,0.093708306
587,15/5/2019,0.064335,0.108645634,0.072125,0.108645634
588,20/5/2019,0.09225,0.110916122,0.1005,0.110916122
589,21/5/2019,0.08446,0.096602872,0.093375,0.096602872
590,22/5/2019,0.062375,0.107967828,0.06725,0.107967828
591,23/5/2019,0.04975,0.085485247,0.04775,0.085485247
594,30/5/2019,0.095,0.044743165,0.11525,0.044743165
595,7/6/2019,0.045875,0.11656802,0.056125,0.11656802
596,8/6/2019,0.062875,0.079180133,0.08125,0.079180133
597,9/6/2019,0.0765,0.137581075,0.078,0.137581075
600,26/7/2019,0.0915,0.168173992,0.106,0.168173992
601,1/8/2019,0.06525,0.138874122,0.10325,0.138874122
602,2/8/2019,0.015375,0.096185759,0.036125,0.096185759
603,3/8/2019,0.030875,0.070911634,0.029,0.070911634
604,4/8/2019,0.018125,0.059456899,0.061125,0.059456899
605,5/8/2019,0.09525,0.15421494,0.108375,0.15421494
606,7/8/2019,0.06675,0.133695683,0.096333333,0.187924109
607,8/8/2019,0.097625,0.242213664,0.14375,0.242213664
608,9/8/2019,0.08575,0.202861824,0.11675,0.202861824
609,10/8/2019,0.0315,0.173397281,0.06625,0.173397281
610,11/8/2019,0.08725,0.133026223,0.181625,0.170866614
611,12/8/2019,0.050875,0.145249883,0.062875,0.145249883
612,17/8/2019,0.0285,0.154914579,0.07575,0.154914579
613,22/8/2019,0.021,0.137620701,0.0465,0.137620701
614,29/8/2019,0.029,0.102857848,0.08875,0.102857848
615,30/8/2019,0.12275,0.250198281,0.139,0.250198281
616,31/8/2019,0.024125,0.124570179,0.034375,0.124570179
617,1/9/2019,0.0275,0.104516186,0.024875,0.104516186
618,2/9/2019,0.018375,0.100987352,0.012125,0.100987352
620,8/9/2019,0.094375,0.210834129,0.131916667,0.207286763
621,21/9/2019,0.031375,0.053688982,0.043375,0.053688982
622,22/9/2019,0.04225,0.071749928,0.04625,0.071749928
623,23/9/2019,0.07225,0.14331325,0.096375,0.14331325
624,24/9/2019,0.0695,0.150685913,0.0745,0.150685913
625,25/9/2019,0.053125,0.176036618,0.065,0.176036618
626,26/9/2019,0.161875,0.289586527,0.13025,0.243937218
628,28/9/2019,0.0395,0.118356745,0.055375,0.118356745
629,29/9/2019,0.05675,0.134001122,0.115375,0.14288186
630,2/10/2019,0.167,0.1360062,0.17067,0.1360062
632,4/10/2019,0.04775,0.145870607,0.06125,0.145870607
634,6/10/2019,0.02375,0.107020698,0.06125,0.107020698
635,7/10/2019,0.047125,0.100531619,0.070125,0.100531619
636,8/10/2019,0.052,0.093223019,0.05875,0.116127426
637,18/10/2019,0.108625,0.151042795,0.108625,0.151042795
639,21/10/2019,0.03225,0.124037251,0.02425,0.124037251
640,22/10/2019,0.013,0.140813822,0.0225,0.111881106
641,23/10/2019,0.04075,0.111807417,0.08575,0.111807417
642,24/10/2019,0.059125,0.123775578,0.035875,0.123775578
643,26/10/2019,0.099,0.085331365,0.07575,0.085331365
644,28/10/2019,0.062875,0.090769893,0.03725,0.090769893
645,30/10/2019,0.035,0.082330085,0.036,0.082330085
646,2/11/2019,0.044375,0.065843741,0.04725,0.065843741
647,3/11/2019,0.07025,0.080644633,0.099375,0.08446741
648,5/11/2019,0.04175,0.120850806,0.0695,0.120850806
649,6/11/2019,0.049375,0.095074763,0.044875,0.095074763
650,7/11/2019,0.033666667,0.085954968,0.019666667,0.085954968
651,9/11/2019,0.048875,0.101328338,0.053,0.101328338
652,10/11/2019,0.054625,0.073142836,0.04125,0.073142836
653,3/12/2019,0.089125,0.099590644,0.099875,0.099590644
654,4/12/2019,0.072,0.088032512,0.0975,0.088032512
655,5/12/2019,0.07375,0.104470949,0.07825,0.104470949
656,6/12/2019,0.126875,0.201666787,0.158125,0.201666787
657,7/12/2019,0.112375,0.116726636,0.096915,0.116726636
658,8/12/2019,0.118125,0.096260654,0.114875,0.096260654
659,9/12/2019,0.033125,0.105187632,0.09525,0.097982453
660,10/12/2019,0.09275,0.100348842,0.1475,0.100348842
661,13/12/2019,0.07875,0.077732355,0.072,0.077732355
663,16/12/2019,0.034,0.149018782,0.065125,0.130863824
664,17/12/2019,0.11279,0.187776718,0.132,0.187776718
665,18/12/2019,0.13125,0.292372849,0.21525,0.292372849
666,20/12/2019,0.04275,0.142992486,0.106625,0.114887518
667,21/12/2019,0.07175,0.08850952,0.097625,0.081512148
668,22/12/2019,0.0715,0.081106294,0.087125,0.081106294
669,23/12/2019,0.0165,0.094211825,0.048625,0.091210557
670,24/12/2019,0.085875,0.078939341,0.094375,0.078939341
671,25/12/2019,0.01325,0.071504649,0.05925,0.071504649
672,26/12/2019,0.08275,0.134414327,0.087125,0.134414327
673,27/12/2019,0.0655,0.090550325,0.081875,0.090550325
674,28/12/2019,0.083875,0.099203946,0.087,0.099203946
675,29/12/2019,0.04025,0.071693196,0.091,0.071693196
676,30/12/2019,0.084335,0.081650447,0.088,0.081650447
677,31/12/2019,0.063375,0.115019318,0.077,0.115019318
678,1/1/2020,0.09925,0.137228926,0.152125,0.137988016
679,2/1/2020,0.13975,0.11388254,0.145625,0.131764342
680,3/1/2020,0.0545,0.146688378,0.152875,0.143717331
681,4/1/2020,0.11825,0.132294368,0.148875,0.132294368
683,7/1/2020,0.152,0.177807465,0.17733,0.177807465
684,9/1/2020,0.09175,0.162352443,0.09625,0.162352443
685,10/1/2020,0.014,0.133019045,0.068666667,0.118743524
686,11/1/2020,0.099,0.203696559,0.1255,0.203696559
687,12/1/2020,0.20525,0.271114239,0.2535,0.271114239
688,13/1/2020,0.085,0.139084768,0.097875,0.139084768
689,14/1/2020,0.098166667,0.128545125,0.11375,0.128545125
690,15/1/2020,0.108,0.170422555,0.1035,0.170422555
691,16/1/2020,0.658875,0.875364973,0.64175,0.875364973
692,18/1/2020,0.278,0.386711176,0.347,0.386711176
693,20/1/2020,0.18925,0.306893713,0.2295,0.306893713
694,21/1/2020,0.189375,0.257650607,0.2165,0.257650607
695,22/1/2020,0.14475,0.245731685,0.174,0.256159323
696,23/1/2020,0.143,0.258258355,0.186375,0.269506728
697,25/1/2020,0.13425,0.186444941,0.134125,0.186444941
698,26/1/2020,0.0355,0.153943381,0.113416667,0.152197853
699,27/1/2020,0.103125,0.148312775,0.1275,0.148312775
700,28/1/2020,0.153625,0.172788429,0.185,0.172788429
701,29/1/2020,0.13075,0.242758902,0.17075,0.212482634
702,30/1/2020,0.08225,0.151324933,0.09475,0.151324933
703,31/1/2020,0.05225,0.165793845,0.1025,0.158335498
704,1/2/2020,0.10275,0.131519306,0.141,0.152196213
705,2/2/2020,0.04375,0.14604973,0.113585,0.143605585
706,3/2/2020,0.078,0.108401646,0.114375,0.108401646
707,4/2/2020,0.0615,0.118467686,0.08,0.118467686
708,5/2/2020,0.09204,0.149078851,0.114125,0.149078851
709,6/2/2020,0.078125,0.112798764,0.102125,0.112798764
710,7/2/2020,0.073335,0.115359606,0.065415,0.115359606
711,8/2/2020,0.046375,0.098097186,0.060875,0.098097186
712,9/2/2020,0.084125,0.09841899,0.089585,0.09841899
713,10/2/2020,0.1305,0.158727788,0.146125,0.158727788
714,11/2/2020,0.08475,0.238128676,0.263333333,0.316615451
716,13/2/2020,0.135,0.303345027,0.20875,0.254438861
717,14/2/2020,0.056125,0.167264935,0.041125,0.167264935
718,15/2/2020,0.0985,0.151805976,0.111,0.151805976
719,16/2/2020,0.11,0.167614905,0.1415,0.158189136
720,17/2/2020,0.0655,0.104860851,0.113625,0.132773294
721,18/2/2020,0.0615,0.11674903,0.05675,0.11674903
722,19/2/2020,0.086,0.137746418,0.11425,0.137746418
723,20/2/2020,0.149,0.149625285,0.14625,0.149625285
724,21/2/2020,0.18321,0.198986436,0.195875,0.198986436
725,22/2/2020,0.129,0.124700833,0.138,0.147767498
726,23/2/2020,0.11054,0.115414605,0.116,0.115414605
727,24/2/2020,0.11875,0.175217104,0.15025,0.175217104
728,25/2/2020,0.0435,0.185301584,0.08675,0.146896162
729,26/2/2020,0.05829,0.135795006,0.069,0.135795006
730,27/2/2020,0.08625,0.129898556,0.1,0.129898556
731,28/2/2020,0.1045,0.129622663,0.13125,0.157585232
733,1/3/2020,0.165915,0.195286992,0.183375,0.195286992
734,2/3/2020,0.07175,0.187149291,0.108,0.182067635
735,3/3/2020,0.054,0.206430675,0.098,0.170571141
737,5/3/2020,0.092125,0.17326601,0.09975,0.17326601
738,6/3/2020,0.0715,0.157154965,0.106125,0.157154965
739,7/3/2020,0.09425,0.140162323,0.11325,0.140162323
740,8/3/2020,0.057,0.087696134,0.053375,0.087696134
741,9/3/2020,0.055,0.121023619,0.06075,0.121023619
742,10/3/2020,0.07275,0.137927891,0.083125,0.137927891
743,12/3/2020,0.0555,0.120679214,0.086625,0.115531238
744,13/3/2020,0.07725,0.12282304,0.09375,0.132418014
745,14/3/2020,0.019375,0.14889462,0.064833333,0.137037314
746,15/3/2020,0.06175,0.085287312,0.085875,0.100644824
747,16/3/2020,0.068625,0.117006909,0.0765,0.117006909
748,17/3/2020,0.07625,0.178343582,0.087625,0.178343582
749,18/3/2020,0.068833333,0.14165948,0.074166667,0.14165948
750,19/3/2020,0.06775,0.14391132,0.076625,0.14391132
751,20/3/2020,0.09075,0.144153538,0.095,0.144153538
753,22/3/2020,0.10775,0.146931843,0.1475,0.146931843
754,23/3/2020,0.040625,0.080006208,0.033125,0.080006208
755,24/3/2020,0.05,0.071951195,0.04525,0.071951195
756,25/3/2020,0.071375,0.106919968,0.08,0.106919968
757,26/3/2020,0.096625,0.117707786,0.10575,0.117707786
758,27/3/2020,0.182,0.19154735,0.19375,0.19154735
760,29/3/2020,0.193,0.274935438,0.20875,0.274935438
761,30/3/2020,0.0715,0.188349353,0.11625,0.164946986
762,31/3/2020,0.05825,0.135917944,0.11525,0.135917944
763,1/4/2020,0.043,0.135994694,0.072625,0.135266132
764,2/4/2020,0.037125,0.071126673,0.039,0.071126673
765,3/4/2020,0.10875,0.140144519,0.107,0.140144519
767,11/8/2020,0.014125,0.101326825,0.053,0.101326825
768,12/8/2020,0.05575,0.173838309,0.112375,0.173838309
769,13/8/2020,0.07633,0.237115695,0.227,0.237115695
770,15/8/2020,0.098,0.283089296,0.16925,0.283089296
771,16/8/2020,0.0765,0.170417143,0.141875,0.154900229
772,17/8/2020,0.02925,0.121697273,0.0785,0.121697273
774,20/8/2020,0.01625,0.120090595,0.064625,0.111039307
775,21/8/2020,0.013125,0.077607024,0.037583333,0.083242528
776,24/8/2020,0.01625,0.099356368,0.07579,0.087453013
777,26/8/2020,0.06533,0.06241345,0.11875,0.06241345
778,29/8/2020,0.06375,0.16484446,0.214,0.16484446
779,30/8/2020,0.056,0.139336684,0.118875,0.12882979
780,31/8/2020,0.04075,0.142835726,0.114835,0.139969023
781,2/9/2020,0.08133,0.251541623,0.13433,0.251541623
782,3/9/2020,0.0615,0.201541841,0.08925,0.201541841
783,5/9/2020,0.088,0.165857368,0.107,0.165857368
784,6/9/2020,0.035,0.119026503,0.07875,0.119026503
785,7/9/2020,0.047875,0.135080619,0.075875,0.135080619
786,9/9/2020,0.048,0.154463744,0.04975,0.114038068
787,10/9/2020,0.0765,0.187611205,0.096416667,0.187611205
788,11/9/2020,0.031625,0.147133505,0.054125,0.147133505
789,12/9/2020,0.020375,0.140511298,0.019875,0.140511298
790,13/9/2020,0.037,0.097948591,0.04525,0.097948591
791,14/9/2020,0.016125,0.084050437,0.013125,0.084050437
792,15/9/2020,0.159625,0.21251988,0.186375,0.21251988
793,16/9/2020,0.095,0.25580753,0.154125,0.25580753
794,17/9/2020,0.070375,0.156492577,0.08775,0.156492577
795,18/9/2020,0.078875,0.106028827,0.073375,0.106028827
796,19/9/2020,0.017625,0.069693595,0.019125,0.069693595
797,20/9/2020,0.044125,0.08326549,0.044,0.08326549
798,21/9/2020,0.02275,0.118300642,0.03025,0.118300642
799,22/9/2020,0.036125,0.159895543,0.099083333,0.152713514
800,26/9/2020,0.08075,0.137594881,0.089916667,0.137594881
801,27/9/2020,0.023625,0.085970311,0.02675,0.085970311
802,29/9/2020,0.164,0.225734174,0.1575,0.225734174
803,30/9/2020,0.073875,0.190621723,0.098625,0.190621723
804,1/10/2020,0.1135,0.199481437,0.141,0.199481437
805,2/10/2020,0.060875,0.154331324,0.083125,0.154331324
806,3/10/2020,0.07325,0.098464319,0.09375,0.098464319
807,4/10/2020,0.047125,0.072640463,0.03925,0.072640463
808,5/10/2020,0.034875,0.08978683,0.032125,0.08978683
809,7/10/2020,0.042,0.153529326,0.05675,0.153529326
810,8/10/2020,0.042,0.129775205,0.057333333,0.129775205
811,9/10/2020,0.03775,0.110658969,0.039625,0.110658969
812,10/10/2020,0.05225,0.122378879,0.05325,0.122378879
813,11/10/2020,0.025625,0.071697719,0.01325,0.071697719
814,12/10/2020,0.053,0.084612507,0.052583333,0.084612507
815,14/10/2020,0.1805,0.316613507,0.192625,0.316613507
816,15/10/2020,0.103,0.269254343,0.12925,0.252317818
818,17/10/2020,0.058125,0.097087859,0.072625,0.097087859
819,18/10/2020,0.047,0.07495388,0.04225,0.07495388
820,20/10/2020,0.04475,0.093207095,0.04575,0.093207095
821,21/10/2020,0.065375,0.131147282,0.06175,0.131147282
822,22/10/2020,0.0485,0.114356402,0.049625,0.114356402
823,23/10/2020,0.0555,0.135354552,0.070625,0.135354552
824,24/10/2020,0.036125,0.129234095,0.06525,0.124784265
825,25/10/2020,0.097,0.091602449,0.0935,0.091602449
826,26/10/2020,0.04775,0.096740064,0.04075,0.096740064
827,28/10/2020,0.044,0.127546774,0.038333333,0.127546774
828,29/10/2020,0.036,0.104086899,0.027625,0.104086899
829,30/10/2020,0.032375,0.091810543,0.0395,0.091810543
830,31/10/2020,0.07375,0.099527339,0.066625,0.099527339
831,1/11/2020,0.092625,0.09384561,0.10425,0.09384561
832,2/11/2020,0.051,0.091149282,0.060875,0.091149282
833,3/11/2020,0.05775,0.096309991,0.050625,0.096309991
834,5/11/2020,0.066875,0.119022007,0.0815,0.119022007
835,6/11/2020,0.05025,0.107428183,0.06625,0.118408029
836,7/11/2020,0.063125,0.109533208,0.06225,0.109533208
837,8/11/2020,0.1275,0.131584542,0.1345,0.131584542
838,9/11/2020,0.065333333,0.137222715,0.091583333,0.137222715
839,10/11/2020,0.065875,0.114793231,0.125875,0.114793231
840,11/11/2020,0.0805,0.120548996,0.1055,0.120548996
841,12/11/2020,0.068,0.149706226,0.1245,0.149706226
843,15/11/2020,0.090625,0.119507214,0.098875,0.119507214
844,16/11/2020,0.055625,0.092098226,0.054,0.092098226
845,18/11/2020,0.08125,0.144555566,0.115375,0.144555566
846,21/11/2020,0.05725,0.075501116,0.06075,0.075501116
847,22/11/2020,0.01675,0.06057032,0.041,0.06057032
848,23/11/2020,0.028,0.083478243,0.06675,0.079478113
849,24/11/2020,0.0725,0.09985574,0.093875,0.09985574
850,25/11/2020,0.038166667,0.082668138,0.034333333,0.082668138
851,26/11/2020,0.032,0.077753503,0.048,0.077753503
852,27/11/2020,0.08375,0.122250477,0.10875,0.122250477
853,28/11/2020,0.1035,0.096049164,0.12225,0.096049164
854,29/11/2020,0.053166667,0.064205115,0.059666667,0.064205115
855,30/11/2020,0.03625,0.100505462,0.04825,0.089232815
856,1/12/2020,0.054,0.091664552,0.0935,0.091664552
857,2/12/2020,0.0525,0.164307572,0.075875,0.127499909
858,3/12/2020,0.0735,0.064681504,0.069125,0.080818812
859,4/12/2020,0.06175,0.09793871,0.078125,0.09793871
860,5/12/2020,0.11425,0.104500425,0.151125,0.104500425
861,6/12/2020,0.0855,0.092631273,0.110125,0.092631273
862,7/12/2020,0.12475,0.10348459,0.136085,0.10348459
863,8/12/2020,0.0325,0.070852249,0.054125,0.070852249
864,9/12/2020,0.06175,0.079165724,0.05175,0.079165724
865,11/12/2020,0.046666667,0.100286875,0.057666667,0.100286875
866,12/12/2020,0.072375,0.066708617,0.108375,0.066708617
867,14/12/2020,0.063625,0.069657768,0.08775,0.069657768
868,15/12/2020,0.041,0.0859687,0.05025,0.0859687
870,19/1/2021,0.11125,0.184512999,0.2185,0.200015999
871,20/1/2021,0.177625,0.193969699,0.210625,0.193969699
872,21/1/2021,0.083,0.203400105,0.199,0.204183305
873,22/1/2021,0.1215,0.192552215,0.133,0.192552215
874,23/1/2021,0.190625,0.254050657,0.212125,0.254050657
875,24/1/2021,0.245,0.259362137,0.254375,0.259362137
876,25/1/2021,0.172,0.226785385,0.1895,0.226785385
878,27/1/2021,0.104,0.106819538,0.111625,0.111281515
879,28/1/2021,0.02975,0.165137002,0.063,0.165137002
880,28/2/2021,0.097125,0.071840808,0.1125,0.071840808
881,1/3/2021,0.02825,0.10996603,0.05875,0.10996603
882,2/3/2021,0.136,0.175969151,0.199,0.175969151
883,4/3/2021,0.103,0.150708692,0.112085,0.150708692
886,20/3/2021,0.14467,0.150077602,0.14775,0.150077602
887,22/3/2021,0.053875,0.061549077,0.06425,0.061549077
890,26/3/2021,0.069375,0.106989798,0.0765,0.106989798
891,2/9/2021,0.163,0.215586162,0.177875,0.215586162
892,4/9/2021,0.0995,0.141344463,0.110625,0.141344463
893,5/9/2021,0.069625,0.12205639,0.08025,0.12205639
894,8/9/2021,0.0645,0.085728156,0.093,0.085728156
895,9/9/2021,0.064333333,0.137799266,0.077916667,0.137799266
896,10/9/2021,0.033,0.143917125,0.07375,0.143917125
897,14/9/2021,0.07125,0.108535515,0.0715,0.101761552
898,15/9/2021,0.071875,0.122463473,0.08729,0.122463473
899,16/9/2021,0.07025,0.126967172,0.083125,0.126967172
900,2/11/2021,0.0765,0.109690766,0.065,0.109690766
901,3/11/2021,0.101,0.139403054,0.13675,0.139403054
902,5/11/2021,0.070125,0.11601808,0.102,0.11601808
903,6/11/2021,0.072125,0.071152312,0.0665,0.071152312
904,7/11/2021,0.085875,0.07231873,0.121125,0.07231873
905,8/11/2021,0.073875,0.092044364,0.078125,0.092044364
906,9/11/2021,0.098,0.113601334,0.126125,0.123812551
907,10/11/2021,0.12475,0.201270159,0.15896,0.16040063
909,12/11/2021,0.064125,0.168445165,0.137166667,0.162093525
910,13/11/2021,0.09225,0.068458629,0.12929,0.084045364
911,14/11/2021,0.051875,0.058355508,0.084875,0.058355508
912,15/11/2021,0.058125,0.070045241,0.07275,0.070045241
913,16/11/2021,0.049166667,0.083462871,0.065583333,0.083462871
914,17/11/2021,0.051,0.089717066,0.049375,0.089717066
915,18/11/2021,0.045625,0.106240128,0.081,0.106240128
916,19/11/2021,0.0535,0.10026209,0.088,0.101682931
917,20/11/2021,0.097125,0.099306508,0.103625,0.099306508
918,21/11/2021,0.083375,0.089030404,0.126875,0.089030404
919,22/11/2021,0.074875,0.086340122,0.071375,0.086340122
920,23/11/2021,0.069,0.101571581,0.1505,0.121970701
922,25/11/2021,0.02175,0.081773975,0.055625,0.081773975
923,26/11/2021,0.07275,0.125440796,0.119125,0.131972814
924,28/11/2021,0.015,0.058887702,0.0605,0.056284249
925,29/11/2021,0.12925,0.109775863,0.12275,0.109775863
926,30/11/2021,0.09675,0.088840409,0.138,0.088840409
927,1/12/2021,0.11525,0.106529476,0.139125,0.106529476
928,3/12/2021,0.127,0.128707516,0.12425,0.128707516
929,4/12/2021,0.037875,0.084357238,0.06125,0.084357238
930,5/12/2021,0.078375,0.091941971,0.083625,0.091941971
931,6/12/2021,0.16929,0.162224008,0.16325,0.162224008
932,7/12/2021,0.103,0.159338627,0.141625,0.159338627
933,8/12/2021,0.080125,0.102095419,0.1125,0.102095419
934,9/12/2021,0.10075,0.103282918,0.137,0.103282918
935,10/12/2021,0.15525,0.201265516,0.201625,0.20107212
936,13/12/2021,0.089125,0.115966367,0.0995,0.115966367
937,14/12/2021,0.0175,0.102998945,0.10325,0.105598526
938,15/12/2021,0.103,0.112804064,0.108125,0.112804064
939,16/12/2021,0.071625,0.089749385,0.104625,0.089749385
940,17/12/2021,0.06925,0.105471495,0.064375,0.105471495
941,18/12/2021,0.075083333,0.069081485,0.087583333,0.069081485
942,19/12/2021,0.0725,0.098816535,0.085875,0.083364242
943,20/12/2021,0.050375,0.086107236,0.071,0.086107236
944,21/12/2021,0.0745,0.092885729,0.071625,0.092885729
945,22/12/2021,0.142625,0.101380223,0.136625,0.101380223
946,23/12/2021,0.1365,0.160258523,0.179875,0.160258523
947,24/12/2021,0.11833,0.126766143,0.142625,0.126766143
948,25/12/2021,0.1045,0.110673191,0.166625,0.105424918
949,27/12/2021,0.272,0.303651138,0.275,0.250888176
950,28/12/2021,0.12275,0.204567576,0.164375,0.198600113
952,30/12/2021,0.058875,0.240795317,0.113833333,0.193896437
953,31/12/2021,0.105125,0.087908398,0.094125,0.087908398
956,3/1/2022,0.04864,0.062929106,0.085583333,0.062929106
957,4/1/2022,0.070375,0.07669738,0.018,0.07669738
958,5/1/2022,0.0925,0.089334912,0.0565,0.109422733
959,6/1/2022,0.079,0.145576974,0.1095,0.129188569
961,8/1/2022,0.0855,0.147183768,0.1385,0.147183768
963,12/1/2022,0.14025,0.16534203,0.10775,0.184801244
965,14/1/2022,0.12,0.258334787,0.106,0.258334787
967,3/3/2022,0.1055,0.15988874,0.12625,0.15988874
968,10/3/2022,0.060875,0.122209959,0.0635,0.122209959
970,13/3/2022,0.131,0.100242228,0.13175,0.100242228
971,14/3/2022,0.11325,0.079553627,0.08625,0.079553627
972,15/3/2022,0.12025,0.173242164,0.15175,0.150851503
973,16/3/2022,0.193,0.222693607,0.12675,0.222693607
974,18/3/2022,0.118,0.134797011,0.10775,0.134797011
975,21/3/2022,0.0945,0.099153821,0.07775,0.099153821
977,23/3/2022,0.05975,0.113705477,0.08325,0.113705477
978,24/3/2022,0.0555,0.074501091,0.056,0.074501091
979,25/3/2022,0.07625,0.077205743,0.04275,0.077205743
982,29/3/2022,0.074375,0.133662906,0.0935,0.133662906
983,30/3/2022,0.098,0.08519278,0.06075,0.08519278
984,5/4/2022,0.013,0.080022085,0.0165,0.080022085
985,14/4/2022,0.09125,0.134439843,0.12425,0.134439843
986,16/4/2022,0.1295,0.224251778,0.1555,0.224251778
987,17/4/2022,0.114125,0.133211732,0.12025,0.133211732
988,18/4/2022,0.10625,0.174640545,0.118,0.174640545
990,20/4/2022,0.16525,0.219388018,0.1675,0.242902364
991,28/4/2022,0.13825,0.154791977,0.161875,0.171350971
992,29/4/2022,0.1495,0.188262371,0.148335,0.188262371
993,30/4/2022,0.16,0.169442245,0.180375,0.169442245
994,1/5/2022,0.20275,0.256681241,0.2255,0.197677689
995,2/5/2022,0.132333333,0.181324598,0.142083333,0.181324598
996,3/5/2022,0.07675,0.108707898,0.103625,0.146640939
997,6/5/2022,0.1855,0.233620233,0.19625,0.233620233
998,7/5/2022,0.150083333,0.203445118,0.172,0.203445118
999,9/5/2022,0.182875,0.254634399,0.197125,0.254634399
1000,13/5/2022,0.22125,0.361858752,0.247625,0.351428723
1001,15/5/2022,0.137125,0.092832249,0.15754,0.092832249
1002,16/5/2022,0.18025,0.191246585,0.19225,0.191246585
1003,17/5/2022,0.149625,0.176645452,0.148875,0.176645452
1004,18/5/2022,0.123166667,0.156288215,0.128583333,0.156288215
1005,19/5/2022,0.23175,0.355977776,0.23875,0.355977776
1006,20/5/2022,0.11725,0.105242045,0.12175,0.105242045
1007,21/5/2022,0.1415,0.17266018,0.1415,0.17266018
1008,30/5/2022,0.1495,0.179964298,0.15225,0.179964298
1009,31/5/2022,0.18,0.220252251,0.187375,0.220252251
1010,1/6/2022,0.17525,0.188156663,0.174,0.188156663
1011,5/6/2022,0.07875,0.048306491,0.08175,0.048306491
1012,6/6/2022,0.047,0.060179764,0.061,0.060179764
1014,8/6/2022,0.17075,0.24918705,0.1865,0.24918705
1015,10/6/2022,0.06825,0.109517831,0.067625,0.109517831
1016,11/6/2022,0.07725,0.100997783,0.089,0.100997783
1017,12/6/2022,0.16025,0.163097109,0.1585,0.163097109
1018,15/6/2022,0.167,0.380300935,0.181375,0.380300935
1019,17/6/2022,0.1575,0.277785046,0.162,0.277785046
1020,27/6/2022,0.0745,0.142977358,0.0945,0.142977358
1021,29/6/2022,0.08,0.10479233,0.09475,0.10479233
1022,5/7/2022,0.08825,0.152270349,0.0995,0.152270349
1024,19/7/2022,0.1225,0.070609381,0.1325,0.070609381
1025,8/8/2022,0.0705,0.139271924,0.10833,0.139271924
1026,9/8/2022,0.02375,0.060397101,0.04725,0.060397101
1027,10/8/2022,0.013,0.099493064,0.065,0.099493064
1028,19/8/2022,0.03675,0.132668414,0.120875,0.132668414
1029,20/8/2022,0.07525,0.134644244,0.09375,0.134644244
1030,21/8/2022,0.07233,0.191840337,0.148,0.191840337
1031,23/8/2022,0.228875,0.314604149,0.234875,0.314604149
1032,25/8/2022,0.13975,0.286064011,0.149375,0.286064011
1033,27/8/2022,0.172875,0.343974855,0.202125,0.343974855
1034,28/8/2022,0.038125,0.114154738,0.08225,0.114154738
1035,2/9/2022,0.06725,0.19791292,0.11425,0.19791292
1036,3/9/2022,0.054416667,0.127950353,0.0545,0.127950353
1037,4/9/2022,0.044375,0.158330965,0.114875,0.158330965
1038,5/9/2022,0.048875,0.151161371,0.069,0.151161371
1039,6/9/2022,0.066875,0.152970095,0.071,0.152970095
1040,9/9/2022,0.069625,0.168942164,0.079875,0.168942164
1041,10/9/2022,0.1115,0.146849049,0.113125,0.146849049
1042,14/9/2022,0.09175,0.19019885,0.101125,0.19019885
1043,21/9/2022,0.056625,0.103410378,0.0665,0.103410378
1044,22/9/2022,0.016,0.094043519,0.01375,0.094043519
1045,13/10/2022,0.0825,0.147111304,0.065,0.147111304
1046,14/10/2022,0.07675,0.091087759,0.063,0.091087759
1047,15/10/2022,0.0765,0.089020412,0.0585,0.089020412
1048,16/10/2022,0.1205,0.080871055,0.10725,0.080871055
1049,17/10/2022,0.122,0.10386921,0.11875,0.10386921
1050,19/10/2022,0.1245,0.109160092,0.1255,0.109160092
1051,20/10/2022,0.066,0.094460595,0.06075,0.094460595
1052,21/10/2022,0.0815,0.114128839,0.072,0.114128839
1053,22/10/2022,0.049,0.085061323,0.022,0.085061323
1054,23/10/2022,0.07475,0.076146684,0.054,0.076146684
1055,24/10/2022,0.04175,0.100052588,0.039,0.100052588
1056,25/10/2022,0.09479,0.115635287,0.10825,0.115635287
1057,26/10/2022,0.065375,0.134747057,0.0575,0.134747057
1058,27/10/2022,0.013,0.170173044,0.033875,0.142022091
1059,29/10/2022,0.04025,0.127700373,0.02925,0.127700373
1060,31/10/2022,0.05975,0.114850156,0.060625,0.114850156
1063,4/11/2022,0.13475,0.174847085,0.17625,0.174847085
1065,6/11/2022,0.084,0.168042049,0.05875,0.168042049
1066,7/11/2022,0.069,0.159122754,0.0905,0.159122754
1067,13/11/2022,0.1005,0.0713115,0.08125,0.0713115
1068,14/11/2022,0.021,0.088163326,0.03625,0.079085373
1070,19/11/2022,0.09375,0.155208142,0.1425,0.147848968
1071,20/11/2022,0.061375,0.103587523,0.074,0.103587523
