"","date","AOD_550_maiac_mean","AOD_550_AER_mean"
"1",2015-01-08,0.0211,0.0355431594444445
"2",2015-01-09,0.0718,0.042490225
"3",2015-01-10,0.0536,0.0271548471666666
"4",2015-01-16,0.0246,0.0482829685
"5",2015-01-19,0.0066,0.0435316028
"6",2015-01-20,0.0532,0.03956260675
"7",2015-01-21,0.0334,0.03694053275
"8",2015-01-24,0.0638,0.050730003625
"9",2015-01-25,0.0132,0.0439991993333333
"10",2015-01-30,0.0434,0.0453451943333334
"11",2015-02-05,0.0298,0.0562098861818182
"12",2015-02-07,0.0534,0.0421551691818182
"13",2015-02-08,0.0682,0.0761195355
"14",2015-02-11,0.0594,0.076064927
"15",2015-02-12,0.0264,0.082829076
"16",2015-02-13,0.0311,0.0452765382
"17",2015-02-14,0.0833,0.0803630116428571
"18",2015-02-15,0.0731,0.0948295375
"19",2015-02-19,0.0292,0.0572658384505495
"20",2015-02-27,0.1212,0.085051356
"21",2015-03-07,0.0072,0.078119092
"22",2015-03-28,0.0666,0.0533872175
"23",2015-03-29,0.06795,0.0556052884722222
"24",2015-04-01,0.2595,0.174173047
"25",2015-04-04,0.1258,0.1229144015
"26",2015-04-05,0.1082,0.098598194
"27",2015-04-22,0.1171,0.160178661071429
"28",2015-04-24,0.0876,0.1299605145
"29",2015-04-28,0.1612,0.1377375403125
"30",2015-05-02,0.094,0.1371139238
"31",2015-05-09,0.25,0.410719836
"32",2015-05-13,0.0855,0.084228983952381
"33",2015-05-22,0.1056,0.0856652675
"34",2015-05-23,0.1322,0.0925397661944445
"35",2015-06-07,0.292,0.186947047333333
"36",2015-06-13,0.2094,0.20087594325
"37",2015-06-14,0.0562,0.137979557285714
"38",2015-06-15,0.286,0.196483530666667
"39",2015-06-25,0.236,0.201589542666667
"40",2015-06-29,0.191,0.343957398
"41",2015-06-30,0.2332,0.190989950833333
"42",2015-07-17,0.292,0.2327337953
"43",2015-07-28,0.1874,0.24409670925
"44",2015-07-29,0.36267,0.304632668888889
"45",2015-07-31,0.31525,0.3080034174
"46",2015-08-01,0.34967,0.3019774518
"47",2015-08-02,0.0776,0.162836996818182
"48",2015-08-04,0.0596,0.188693662222222
"49",2015-08-12,0.1591,0.100493421364286
"50",2015-08-14,0.265975,0.3045756831
"51",2015-08-15,0.2004,0.22977417325
"52",2015-08-25,0.091,0.100273530333333
"53",2015-08-26,0.1794,0.1576390981
"54",2015-09-04,0.2398,0.264201528333333
"55",2015-09-05,0.375,0.432690664875
"56",2015-09-13,0.1416,0.035615728
"57",2015-09-14,0.0709333333333333,0.0534293862871795
"58",2015-09-15,0.2164,0.1129261517
"59",2015-12-16,0.0292,0.0317217689615385
"60",2015-12-29,0.042,0.09604065675
"61",2016-01-04,0.0205333333333333,0.0369101279272727
"62",2016-01-05,0.0205333333333333,0.0163184827296297
"63",2016-01-11,0.0152,0.0150613633846154
"64",2016-01-12,0.0441,0.0349196195145833
"65",2016-01-13,0.0195,0.0163618150357143
"66",2016-01-14,0.0764,0.0351606009125
"67",2016-01-16,0.0667,0.0279958962291667
"68",2016-01-17,0.0636,0.0585320445
"69",2016-01-18,0.0437,0.0261264111641026
"70",2016-01-19,0.0449,0.0208028576130952
"71",2016-01-24,0.0454,0.0276942564642857
"72",2016-01-29,0.0338,0.0212075193230769
"73",2016-01-30,0.0278,0.03863979425
"74",2016-02-04,0.0475,0.0219848377884616
"75",2016-02-05,0.0121333333333333,0.0179038093492064
"76",2016-02-07,0.0531,0.0509640222363636
"77",2016-02-10,0.0482,0.0431303108666667
"78",2016-02-11,0.0978,0.0926556762
"79",2016-02-12,0.0944,0.1112925412
"80",2016-02-13,0.0455,0.0351002918
"81",2016-02-16,0.076,0.0378649663636364
"82",2016-02-17,0.1422,0.0936808535666667
"83",2016-02-18,0.0422,0.0496181142666667
"84",2016-02-19,0.0422,0.0494354310714286
"85",2016-03-15,0.0464,0.0774396845384615
"86",2016-03-17,0.0784,0.0873236969870129
"87",2016-03-21,0.1029,0.0839518123538462
"88",2016-04-16,0.0668,0.0596702584285714
"89",2016-04-17,0.1139,0.0759420223333333
"90",2016-04-18,0.0888,0.0692473935
"91",2016-04-24,0.105,0.0868469179166667
"92",2016-05-07,0.1697,0.161377187166666
"93",2016-05-08,0.1507,0.107209337208334
"94",2016-05-09,0.2578,0.124262306
"95",2016-05-13,0.1512,0.112467224
"96",2016-05-14,0.1056,0.0962458712307692
"97",2016-05-15,0.0924,0.1038235048125
"98",2016-05-16,0.1754,0.152658949333333
"99",2016-05-21,0.265,0.0999249121666667
"100",2016-05-22,0.1786,0.168000526590909
"101",2016-05-23,0.2225,0.133165075363636
"102",2016-05-25,0.222,0.259680274219697
"103",2016-06-07,0.0292,0.0727662217272727
"104",2016-06-08,0.0997,0.0433160974230769
"105",2016-06-09,0.1186,0.0613885701428571
"106",2016-06-10,0.1533,0.139403982791666
"107",2016-06-13,0.232,0.2096680450375
"108",2016-06-16,0.0802,0.152914672818182
"109",2016-06-27,0.1952,0.2565679135
"110",2016-06-30,0.286,0.241845844888889
"111",2016-07-01,0.1234,0.100854498192308
"112",2016-07-03,0.1444,0.167298563692308
"113",2016-07-12,0.225,0.224856794545455
"114",2016-07-13,0.1224,0.086134586875
"115",2016-07-15,0.223,0.130886527
"116",2016-07-19,0.1916,0.130723650571429
"117",2016-07-21,0.2466,0.2683255992
"118",2016-07-26,0.15233,0.138532829909091
"119",2016-07-30,0.30267,0.146113454
"120",2016-08-02,0.31,0.231059487
"121",2016-08-06,0.1342,0.180227462444444
"122",2016-08-17,0.135,0.1216145357
"123",2016-08-22,0.103,0.091771552
"124",2016-08-25,0.24467,0.190887637727273
"125",2016-08-31,0.1112,0.110745009
"126",2016-09-04,0.216365,0.129554348916667
"127",2016-09-07,0.13,0.200322854
"128",2016-09-09,0.222,0.2286967999
"129",2016-09-10,0.235,0.2411839714
"130",2016-09-11,0.1054,0.103369377333333
"131",2016-09-14,0.079,0.0806790728888889
"132",2016-09-15,0.153,0.12513533625
"133",2016-09-21,0.0556,0.1113309285
"134",2016-09-22,0.1362,0.06503051425
"135",2016-09-25,0.0976,0.1206584825
"136",2016-09-28,0.0686,0.05407289625
"137",2016-09-29,0.1118,0.0619464096923077
"138",2016-10-03,0.155,0.117075273214286
"139",2016-10-05,0.0578,0.0528031286261905
"140",2016-10-06,0.0706,0.0532072208961039
"141",2016-10-08,0.094,0.0511334611428571
"142",2016-10-09,0.0433,0.0201254568625
"143",2016-10-10,0.0928,0.0353942452291666
"144",2016-10-11,0.0689,0.0316237622285715
"145",2016-10-12,0.0694,0.04286368963125
"146",2016-10-13,0.0536,0.0578237192307692
"147",2016-10-16,0.1022,0.0832307923333333
"148",2016-10-18,0.0534,0.0756007338181818
"149",2016-10-19,0.1484,0.0945245315714286
"150",2016-10-21,0.07575,0.0505616818888889
"151",2016-10-22,0.0506,0.0299787717666667
"152",2016-10-23,0.0377,0.0286713360669643
"153",2016-10-24,0.089535,0.0565857943333333
"154",2016-10-25,0.0728,0.065571509875
"155",2016-10-26,0.2296,0.16600496225
"156",2016-10-27,0.25,0.209612022
"157",2016-10-28,0.0782,0.104024052799107
"158",2016-10-29,0.1148,0.104914055088095
"159",2016-10-30,0.092,0.104777737461538
"160",2016-10-31,0.1101,0.107914562
"161",2016-11-01,0.1282,0.1328199752
"162",2016-11-07,0.044,0.0462617791428572
"163",2016-11-10,0.2374,0.225596868027084
"164",2016-11-14,0.6122,0.593629630380682
"165",2016-11-15,0.1301,0.122235002043956
"166",2016-11-16,0.0689,0.06831854095
"167",2016-11-18,0.0662,0.0671571241642857
"168",2016-11-19,0.0289333333333333,0.0335972146607143
"169",2016-11-20,0.0236666666666667,0.0134248343675214
"170",2016-11-21,0.0284,0.0321185252261905
"171",2016-11-26,0.0629,0.0705465662666667
"172",2016-12-01,0.0289,0.0256359615854167
"173",2016-12-02,0.0331,0.0255193035302198
"174",2016-12-07,0.0532,0.050988554552381
"175",2016-12-09,0.0316,0.0277946670666666
"176",2016-12-10,0.0325,0.0412479831333333
"177",2016-12-14,0.0772,0.0358938657
"178",2016-12-15,0.0652,0.0367612863846154
"179",2016-12-21,0.0346666666666667,0.0726796688925926
"180",2016-12-22,0.0672666666666667,0.074316788024359
"181",2016-12-23,0.0512,0.0445565133392857
"182",2016-12-25,0.113,0.12041765325
"183",2016-12-29,0.0754,0.0329324903846154
"184",2016-12-30,0.021,0.0117244116974359
"185",2017-01-18,0.087,0.0610989368571429
"186",2017-01-19,0.1082,0.083169382
"187",2017-01-24,0.0193,0.0207397736690477
"188",2017-01-26,0.0286,0.011147029
"189",2017-01-31,0.10575,0.0612319416909091
"190",2017-02-14,0.0433,0.0933559623272059
"191",2017-02-15,0.0927,0.051123538625
"192",2017-02-16,0.0259,0.0251335308666666
"193",2017-02-17,0.0141,0.032985925625
"194",2017-02-23,0.0372,0.06567567115
"195",2017-02-24,0.1175,0.074643691125
"196",2017-02-25,0.0393,0.0229642798
"197",2017-02-26,0.0156,0.0269020694666667
"198",2017-03-02,0.0485,0.0353982667976191
"199",2017-03-03,0.0278,0.0308803791205357
"200",2017-03-04,0.0742,0.0747628622181818
"201",2017-03-05,0.1324,0.121262827222222
"202",2017-03-08,0.0743,0.0486383627142857
"203",2017-03-09,0.0471,0.0633902791761905
"204",2017-03-15,0.0843,0.0434914049230769
"205",2017-03-19,0.0632,0.0302416988301282
"206",2017-03-20,0.225,0.1767629015
"207",2017-03-23,0.1828,0.186193795166667
"208",2017-03-24,0.2108,0.211521618666667
"209",2017-03-29,0.1022,0.160143719
"210",2017-04-01,0.0607,0.0412171808763736
"211",2017-04-02,0.1142,0.0715668561987179
"212",2017-04-04,0.0963,0.0722182893333334
"213",2017-04-07,0.1435,0.0353607395318182
"214",2017-04-08,0.0744,0.0317289194423077
"215",2017-04-09,0.1128,0.0600557402545455
"216",2017-04-10,0.1485,0.108306567068182
"217",2017-04-16,0.21667,0.2161019182
"218",2017-04-20,0.2124,0.228851845
"219",2017-04-25,0.1765,0.0790081194166667
"220",2017-04-26,0.1371,0.114035241034091
"221",2017-05-02,0.0843,0.034682744
"222",2017-05-03,0.0856,0.0628456683076923
"223",2017-05-06,0.1428,0.0970732953295455
"224",2017-05-07,0.0878,0.034630714344697
"225",2017-05-08,0.0835,0.0793970097692308
"226",2017-05-09,0.1862,0.134109243964286
"227",2017-05-10,0.200335,0.173809288804487
"228",2017-05-11,0.256,0.2010171402
"229",2017-05-14,0.0739766666666667,0.0796233116175214
"230",2017-05-15,0.0878,0.104457652884615
"231",2017-05-16,0.1016,0.134424704272727
"232",2017-05-17,0.1558,0.1072132206
"233",2017-05-19,0.1612,0.218302359333333
"234",2017-05-26,0.1895,0.093509534719697
"235",2017-06-16,0.1084,0.105994426666667
"236",2017-06-26,0.1324,0.1038794196
"237",2017-06-27,0.2097,0.0840660717857143
"238",2017-07-22,0.31025,0.377166153916667
"239",2017-07-23,0.3352,0.247683645727273
"240",2017-07-29,0.1293,0.105945551173077
"241",2017-07-30,0.14115,0.0761600913333333
"242",2017-07-31,0.0995,0.070519962875
"243",2018-01-29,0.0568,0.03453470125
"244",2018-01-30,0.0668,0.0532037118784313
"245",2018-01-31,0.0492,0.0385212295857143
"246",2018-02-05,0.0625,0.0473646785333334
"247",2018-02-08,0.0605,0.0415935287023809
"248",2018-02-09,0.1348,0.0477128506666667
"249",2018-02-18,0.1202,0.0259039095
"250",2018-02-27,0.052,0.0427962330174603
"251",2018-03-02,0.0362,0.0243193871785715
"252",2018-03-03,0.0457,0.0437009400476191
"253",2018-03-04,0.0573,0.0449582895071429
"254",2018-03-07,0.0987,0.0617865082115385
"255",2018-03-09,0.1733,0.142032983715909
"256",2018-03-12,0.1476,0.05607688
"257",2018-03-13,0.1393,0.128882497341346
"258",2018-03-14,0.0456666666666667,0.0536448979505494
"259",2018-03-15,0.0982,0.100029705815018
"260",2018-03-22,0.1026,0.0860231956130952
"261",2018-03-23,0.3022,0.2219111083
"262",2018-04-05,0.1406,0.127406474545455
"263",2018-04-10,0.1518,0.108712025727273
"264",2018-04-11,0.115,0.079889231
"265",2018-04-12,0.1469,0.136347554791667
"266",2018-04-17,0.141075,0.126367981958334
"267",2018-04-18,0.1285,0.0963871134846154
"268",2018-04-19,0.1439,0.1262517645
"269",2018-04-20,0.1118,0.0727793393076923
"270",2018-04-27,0.1848,0.149148294111111
"271",2018-04-30,0.1132,0.1075686905
"272",2018-05-01,0.1085,0.135469844103846
"273",2018-05-02,0.152933333333333,0.160870355310823
"274",2018-05-03,0.153,0.121919567
"275",2018-05-06,0.0964,0.106362954538462
"276",2018-05-07,0.217585,0.130970126509091
"277",2018-05-08,0.2206,0.229792109714286
"278",2018-05-09,0.228,0.2009825794
"279",2018-05-11,0.1735,0.235859389375
"280",2018-05-12,0.3014,0.266519782741667
"281",2018-05-13,0.1604,0.184463900346154
"282",2018-06-03,0.299,0.233794512666667
"283",2018-06-04,0.0682,0.0841688765833333
"284",2018-06-06,0.1258,0.0849179615416667
"285",2018-06-09,0.302,0.2818736695
"286",2018-06-22,0.251,0.1149860255
"287",2018-06-24,0.39,0.239795519
"288",2018-06-26,0.2365,0.123720269333333
"289",2018-06-29,0.31375,0.34816393525
"290",2018-07-08,0.2112,0.112915937090909
"291",2018-07-09,0.179,0.10900797401282
"292",2018-07-10,0.285,0.1270947505
"293",2018-07-11,0.237,0.2046276655
"294",2018-07-19,0.321,0.19054565075
"295",2018-07-21,0.233466666666667,0.2166415779
"296",2018-07-22,0.275,0.0925450994
"297",2018-07-26,0.2025,0.107039383770833
"298",2018-07-27,0.2818,0.284192240666667
"299",2018-07-28,0.1211,0.100671253715278
"300",2018-07-29,0.1683,0.11921271
"301",2018-08-08,0.2445,0.160269948857143
"302",2018-08-09,0.3082,0.1368957126
"303",2018-08-13,0.4178,0.611502424690477
"304",2018-08-14,0.389,0.408200068625
"305",2018-08-25,0.3384,0.3256450855
"306",2018-09-14,0.1088,0.0722841113909091
"307",2018-09-18,0.0374,0.0408314472857143
"308",2018-09-19,0.0626,0.111808053
"309",2018-09-20,0.1174,0.184547157375
"310",2018-09-22,0.2118,0.234806480714286
"311",2018-10-04,0.156,0.1197624531
"312",2018-10-11,0.023,0.0595886098181818
"313",2018-10-12,0.0417,0.0434270487272728
"314",2018-10-13,0.0547,0.0372949284888889
"315",2018-10-14,0.12733,0.0847534331666667
"316",2018-10-18,0.118,0.0391237944545455
"317",2018-10-21,0.0182,0.0228948878333333
"318",2018-10-24,0.0148,0.0368649507142857
"319",2018-10-28,0.0649,0.0736259099404762
"320",2018-10-29,0.0435,0.0354921579333334
"321",2018-10-30,0.1338,0.0802430658
"322",2018-10-31,0.1409,0.109921347645834
"323",2018-11-03,0.067,0.0456040749464285
"324",2018-11-10,0.0659333333333333,0.0681714992916667
"325",2018-11-11,0.0568,0.0879618018571428
"326",2018-11-16,0.08,0.070068878375
"327",2018-11-17,0.074,0.0671574226
"328",2018-11-19,0.1428,0.103103190333333
"329",2018-11-20,0.082,0.0854065108181818
"330",2018-11-21,0.0725,0.0472966666428572
"331",2018-11-27,0.035,0.0431851378666667
"332",2018-11-28,0.0314,0.03882702778125
"333",2018-12-02,0.0874,0.0810427837692308
"334",2018-12-04,0.0387,0.0377175291166666
"335",2018-12-06,0.001,0.0417761393
"336",2018-12-11,0.0326666666666667,0.0371692954488095
"337",2018-12-17,0.0406,0.0356257763190476
"338",2018-12-18,0.0138,0.0233658251111111
"339",2018-12-22,0.0476,0.03950599875
"340",2018-12-24,0.0383,0.0361889427142857
"341",2018-12-25,0.075,0.0560569622529412
"342",2019-01-05,0.034,0.0330595239166667
"343",2019-01-06,0.0352,0.0238056987380952
"344",2019-01-07,0.121,0.0631723435
"345",2019-01-09,0.0301,0.0140026578976191
"346",2019-01-10,0.0478,0.0345608614615385
"347",2019-01-11,0.0505,0.0364392004705883
"348",2019-01-15,0.0726,0.0609252918666667
"349",2019-01-16,0.0572,0.0682115593
"350",2019-01-21,0.0088,0.0205782745
"351",2019-01-26,0.0658,0.0595435602307692
"352",2019-01-29,0.0514,0.0848413661111111
"353",2019-01-31,0.0404,0.0503875677686274
"354",2019-02-02,0.11375,0.05541895175
"355",2019-02-13,0.0355333333333333,0.0440051881555556
"356",2019-03-04,0.134,0.0672857005
"357",2019-03-05,0.0489,0.0300631741785714
"358",2019-03-06,0.0362,0.0340464859285714
"359",2019-03-07,0.0422,0.0499333793333333
"360",2019-03-12,0.0408,0.0448922805714286
"361",2019-03-17,0.1,0.0441238643333333
"362",2019-03-20,0.0714,0.0783018417857143
"363",2019-03-22,0.0522,0.0590853735
"364",2019-04-01,0.0987,0.067879828125
"365",2019-04-02,0.10925,0.123378229285714
"366",2019-04-07,0.2674,0.3186299715
"367",2019-04-10,0.1389,0.0905814439090909
"368",2019-04-15,0.1128,0.0520740064583333
"369",2019-04-16,0.0957,0.0548332277371795
"370",2019-04-21,0.1145,0.040674493423077
"371",2019-04-22,0.1021,0.0501408979583333
"372",2019-04-23,0.149,0.0850110052857143
"373",2019-04-24,0.2067,0.1112543596
"374",2019-04-27,0.1282,0.0670157319507576
"375",2019-04-28,0.2308,0.205328073
"376",2019-05-02,0.162,0.1336214519
"377",2019-05-13,0.0738,0.0693423759166667
"378",2019-05-14,0.12355,0.0751065062272727
"379",2019-05-16,0.1872,0.151285016454545
"380",2019-05-18,0.312,0.180155285125
"381",2019-05-19,0.219,0.178650576857143
"382",2019-05-23,0.3,0.3566479928
"383",2019-05-26,0.1896,0.13712245275
"384",2019-05-27,0.2244,0.158741884
"385",2019-05-28,0.1317,0.113236430818182
"386",2019-05-29,0.1349,0.1685487115
"387",2019-05-30,0.1076,0.0856436186666667
"388",2019-06-01,0.221,0.182183104166667
"389",2019-06-03,0.327435,0.427633644686869
"390",2019-06-14,0.09405,0.0674208521011905
"391",2019-06-21,0.1095,0.0988342502905983
"392",2019-06-28,0.2,0.175405235111111
"393",2019-07-05,0.375,0.291604343666667
"394",2019-08-06,0.222,0.157795489666667
"395",2019-08-07,0.264,0.1734127012
"396",2019-08-08,0.0995,0.12316205155
"397",2019-08-09,0.096,0.130982702111111
"398",2019-12-05,0.0143,0.0319174624624183
"399",2019-12-11,0.0204,0.0250172770645161
"400",2019-12-12,0.045,0.0323490642926829
"401",2019-12-14,0.1555,0.0751518891818182
"402",2019-12-15,0.145933333333333,0.113288035607357
"403",2020-01-04,0.075,0.0299865236363636
"404",2020-01-05,0.0515,0.0259506760885598
"405",2020-01-06,0.0388,0.0447101299278075
"406",2020-01-07,0.062,0.0294171151538826
"407",2020-01-08,0.0398,0.027455363578125
"408",2020-01-12,0.0809,0.0471118415487805
"409",2020-01-16,0.053,0.0643301891
"410",2020-01-19,0.0486,0.0199502268918495
"411",2020-01-20,0.072,0.08067628
"412",2020-01-21,0.1409,0.117655922217392
"413",2020-01-22,0.0684,0.0450934836923077
"414",2020-01-28,0.048,0.0354915524050259
"415",2020-01-30,0.0828,0.1235811768
"416",2020-02-02,0.0471,0.0297244391857411
"417",2020-02-09,0.0678,0.0635334736666667
"418",2020-02-14,0.0572,0.0315997137332317
"419",2020-02-15,0.0882,0.0346937093169856
"420",2020-02-21,0.25325,0.0936028859444444
"421",2020-02-22,0.1466,0.0688627902380952
"422",2020-02-27,0.0664,0.0435712389815476
"423",2020-02-29,0.0626,0.0461602537001287
"424",2020-03-01,0.0928,0.083223478
"425",2020-03-06,0.0946,0.0570800531983871
"426",2020-03-07,0.0712,0.045878826640625
"427",2020-03-20,0.19567,0.0840890636666667
"428",2020-03-25,0.0714,0.057070043
"429",2020-04-01,0.127,0.0775273987142857
"430",2020-04-02,0.0464,0.0632444148891277
"431",2020-04-03,0.0915,0.0702295516220096
"432",2020-04-05,0.1816,0.164510290413793
"433",2020-04-09,0.085,0.100604004375
"434",2020-04-10,0.1003,0.0709630817666667
"435",2020-04-11,0.0725,0.0872928534839015
"436",2020-04-14,0.0983,0.0900750456252907
"437",2020-04-15,0.0992,0.0554044546
"438",2020-04-16,0.106,0.0713460278903277
"439",2020-04-17,0.1753,0.110303812849432
"440",2020-04-18,0.1108,0.0601280919714285
"441",2020-04-20,0.128,0.0850291851388889
"442",2020-04-26,0.1885,0.0871428195333333
"443",2020-04-27,0.096,0.0637389867685186
"444",2020-05-01,0.1021,0.06588966005
"445",2020-05-02,0.1331,0.0968489906875
"446",2020-05-03,0.1203,0.101502232983871
"447",2020-05-04,0.1434,0.187405252833333
"448",2020-05-06,0.0548,0.0838893224702381
"449",2020-05-07,0.0886,0.08524822334375
"450",2020-05-09,0.1262,0.0565107575225753
"451",2020-05-10,0.1126,0.0856006319375
"452",2020-05-11,0.112,0.0743724467263814
"453",2020-05-12,0.1624,0.137957205207977
"454",2020-05-22,0.251,0.194287518928571
"455",2020-08-10,0.261,0.25684237668
"456",2020-08-11,0.299,0.232667170263158
"457",2020-08-13,0.1869,0.157211288330769
"458",2020-08-18,0.2025,0.1380347386
"459",2020-09-08,0.1952,0.166208698973684
"460",2020-09-12,0.345,0.114785091428571
"461",2020-09-20,0.1452,0.104910211851744
"462",2020-09-21,0.0888,0.0711909438598007
"463",2020-09-27,0.339,0.2481342415
"464",2020-09-30,0.0702,0.0509553517981728
"465",2020-10-01,0.1779,0.182860413083334
"466",2020-10-02,0.061,0.0509479997697445
"467",2020-10-03,0.1139,0.0677051792142857
"468",2020-10-04,0.2464,0.324872960333333
"469",2020-10-06,0.1191,0.06829890235
"470",2020-10-07,0.174,0.251479239466667
"471",2020-10-13,0.0814666666666667,0.0782939903973142
"472",2020-10-16,0.0568,0.0873242282
"473",2020-10-17,0.076,0.0416689318871951
"474",2020-10-18,0.1089,0.105211768485282
"475",2020-10-19,0.1236,0.103827966897321
"476",2020-10-20,0.0914,0.0723054890395299
"477",2020-10-30,0.0550666666666667,0.0494638831384577
"478",2020-10-31,0.0987,0.0469387592071428
"479",2020-11-01,0.0548,0.10223135872973
"480",2020-11-02,0.036,0.0455256656368902
"481",2020-11-03,0.0717,0.11110517997561
"482",2020-11-04,0.0592,0.0565861782682927
"483",2020-11-05,0.0458,0.0647535891428571
"484",2020-11-06,0.104,0.0610783705775862
"485",2020-11-12,0.0618,0.05685667640625
"486",2020-11-13,0.0852,0.0721462365121951
"487",2020-11-14,0.0452666666666667,0.0451943595459254
"488",2020-11-16,0.0347,0.023612869054007
"489",2020-11-17,0.0272,0.0308687215451219
"490",2020-11-18,0.0234,0.0346653861170635
"491",2020-11-19,0.0463,0.0327343679848485
"492",2020-11-20,0.0414,0.0432824759474432
"493",2020-11-21,0.084465,0.0717590341989247
"494",2020-11-23,0.0474,0.0393369353125
"495",2020-11-24,0.0886,0.0342980460909091
"496",2020-11-25,0.087,0.106607370666667
"497",2020-11-27,0.086,0.0560326637894737
"498",2020-11-28,0.067,0.0600379801363636
"499",2020-12-01,0.0599333333333333,0.0526028347401084
"500",2020-12-02,0.0412,0.0316759874825757
"501",2020-12-05,0.0379,0.0403482145454545
"502",2020-12-08,0.0655,0.0443336205397728
"503",2020-12-09,0.0549,0.0519645550357143
"504",2020-12-10,0.0221,0.0452246022239756
"505",2020-12-13,0.0717,0.0664140216066202
"506",2020-12-14,0.0835,0.0240270159565217
"507",2020-12-18,0.0343,0.032807597925926
"508",2020-12-19,0.0427,0.0500468604481352
"509",2020-12-21,0.026,0.0468285863902439
"510",2020-12-22,0.029,0.0195155745714286
"511",2020-12-23,0.0376,0.0336850806956522
"512",2020-12-25,0.0649,0.0412280560701058
"513",2020-12-26,0.0212,0.0233865915757576
"514",2020-12-27,0.0417,0.0353832041520833
"515",2020-12-29,0.0562,0.0425220650440613
"516",2021-01-04,0.0412,0.0398723919268293
"517",2021-01-14,0.0348,0.03767818575
"518",2021-01-15,0.028,0.0489278792
"519",2021-01-18,0.0046,0.0292344631857143
"520",2021-01-23,0.0627,0.031496385125
"521",2021-01-24,0.143,0.045273306
"522",2021-01-28,0.078,0.0478360904413472
"523",2021-01-29,0.0492,0.0359150444181184
"524",2021-02-02,0.0377,0.0370168037202744
"525",2021-02-03,0.0336,0.0313211378275567
"526",2021-02-08,0.0792,0.0328681743491071
"527",2021-02-10,0.1376,0.11792151828125
"528",2021-02-17,0.0921,0.0580554986841776
"529",2021-02-19,0.0621,0.0669115592998311
"530",2021-02-20,0.0524,0.032449483902439
"531",2021-02-21,0.0508,0.0295821400717189
"532",2021-02-23,0.042,0.0354838753190476
"533",2021-02-24,0.0686,0.0491670188658537
"534",2021-02-25,0.0653,0.0919715011908536
"535",2021-03-03,0.0753,0.0427008568929924
"536",2021-03-04,0.0508,0.0483470081089015
"537",2021-03-05,0.0428,0.0657581584117647
"538",2021-03-07,0.0440666666666667,0.0577636701875
"539",2021-03-08,0.0729,0.0726936849079697
"540",2021-03-09,0.1224,0.101227569590909
"541",2021-03-10,0.1406,0.14174691075817
"542",2021-03-20,0.108,0.105167083812846
"543",2021-03-22,0.07,0.125397713956522
"544",2021-03-29,0.0725,0.0559505961781976
"545",2021-03-30,0.1788,0.166046514444444
"546",2021-04-01,0.1218,0.0729324283684939
"547",2021-04-02,0.0988,0.0747771066136363
"548",2021-04-04,0.1169,0.0990686430568184
"549",2021-04-18,0.1268,0.104254683758839
"550",2021-04-19,0.1354,0.126459373227273
"551",2021-04-20,0.27625,0.1789594989
"552",2021-04-21,0.1522,0.115955662435606
"553",2021-04-22,0.1574,0.1208674858625
"554",2021-04-25,0.17,0.0663815780762251
"555",2021-04-26,0.2026,0.122923430392857
"556",2021-05-01,0.1735,0.0828628666666667
"557",2021-05-06,0.1467,0.0739951137142857
"558",2021-05-07,0.1442,0.104155301625
"559",2021-05-09,0.0998,0.0900178461666667
"560",2021-05-13,0.174,0.08337642390625
"561",2021-05-22,0.2511,0.161764622003788
"562",2021-06-15,0.1834,0.1560247458
"563",2021-06-17,0.08785,0.0880276863176471
"564",2021-06-23,0.195,0.101046645227273
"565",2021-07-27,0.325,0.268168383483871
"566",2021-07-28,0.215125,0.260820647263197
"567",2021-07-29,0.3435,0.3721563530625
"568",2021-07-30,0.412,0.450721912181818
"569",2021-08-12,0.35167,0.310662270333333
"570",2021-08-13,0.200765,0.192288298646342
"571",2021-08-29,0.2395,0.146528641076923
"572",2021-09-04,0.1377,0.115440406933661
"573",2021-09-05,0.094,0.1391623219375
"574",2021-09-09,0.23433,0.083372422
"575",2021-09-10,0.0888,0.316686196317073
"576",2021-09-23,0.0172,0.0380101504545455
"577",2021-09-24,0.0587,0.0526928785666667
"578",2021-09-25,0.189,0.08300003852
"579",2021-09-26,0.1022,0.09601570628
"580",2021-09-27,0.1401,0.105598137775862
"581",2021-09-28,0.12,0.1016194650625
"582",2021-09-29,0.164375,0.108670060586538
"583",2021-10-09,0.0898,0.0878929125517241
"584",2021-10-10,0.1055,0.108125034690476
"585",2021-10-14,0.186,0.1267160849
"586",2021-10-15,0.14733,0.0905300165357143
"587",2021-10-17,0.0684,0.0826853899835227
"588",2021-10-18,0.0648,0.0604965873149351
"589",2021-10-19,0.0363,0.0569359084742015
"590",2021-10-20,0.0779,0.0856783889014337
"591",2021-10-22,0.0741,0.0664859881378726
"592",2021-10-23,0.0587,0.0479486193051801
"593",2021-10-26,0.0372,0.0358116287857143
"594",2021-10-27,0.0474,0.0504983932222222
"595",2021-11-01,0.0614666666666667,0.0530844701853448
"596",2021-11-07,0.0494,0.0402828941875
"597",2021-11-08,0.0309,0.0436540435232264
"598",2021-11-09,0.0495,0.0501899389435898
"599",2021-11-10,0.1099,0.0823876645894737
"600",2021-11-12,0.0462,0.0437799913338964
"601",2021-11-13,0.0492,0.04797256325
"602",2021-11-14,0.0404,0.0417824146785715
"603",2021-11-15,0.0352,0.0420479651805555
"604",2021-11-17,0.0648,0.0581407505722222
"605",2021-11-19,0.0456,0.0388711576666667
"606",2021-11-24,0.0204,0.037521965
"607",2021-11-25,0.050735,0.0560774423055555
"608",2021-11-27,0.0302,0.0400709126904762
"609",2021-11-30,0.0383,0.05478745645
"610",2021-12-01,0.0446,0.0638019855
"611",2021-12-02,0.0722,0.0712113761666666
"612",2021-12-03,0.0436666666666667,0.060467906975
"613",2021-12-12,0.0405,0.0347977728214286
"614",2021-12-13,0.0264,0.0397554278869464
"615",2021-12-14,0.0204,0.051405640902439
"616",2021-12-22,0.0418,0.0513076344639954
"617",2021-12-23,0.0237,0.0464328908906644
"618",2021-12-24,0.21367,0.061701987
"619",2021-12-26,0.175,0.109138291740741
"620",2022-01-03,0.29933,0.0688335424
"621",2022-01-04,0.1,0.044509109956015
"622",2022-01-08,0.1248,0.0399303548787878
"623",2022-01-10,0.0191,0.0237688775967742
"624",2022-01-11,2e-04,0.0301568093039152
"625",2022-01-12,0.0113,0.0542558339493007
"626",2022-01-14,0.05,0.0793304785217391
"627",2022-01-18,0.0226,0.0476515818541667
"628",2023-01-19,0.0136,0.0521004598421053
"629",2023-02-19,0.0993,0.064218353414751
"630",2023-02-22,0.1194,0.0762711851666667
"631",2023-02-24,0.2278,0.255666495157895
"632",2023-02-28,0.0368,0.0809399912777778
"633",2023-03-04,0.0304,0.0306945001875
"634",2023-03-05,0.0733,0.0437963486532258
"635",2023-03-06,0.1496,0.11757719855
"636",2023-03-07,0.1106,0.124718895295454
"637",2023-03-08,0.1146,0.0524954294545455
"638",2023-03-13,0.1186,0.0610482795545865
"639",2023-03-14,0.0651,0.0486211799113637
"640",2023-03-15,0.0831,0.0392414021630676
"641",2023-03-16,0.0963,0.0807571912952632
"642",2023-03-18,0.09,0.0555431662891986
"643",2023-03-19,0.1008,0.0469167800412758
"644",2023-03-20,0.1144,0.0671007530348837
"645",2023-03-23,0.0787,0.0771779739287878
"646",2023-03-24,0.144585,0.0827077610496795
"647",2023-03-25,0.1138,0.088488652
"648",2023-03-27,0.257,0.107286163166667
"649",2023-03-30,0.1305,0.145064865183139
"650",2023-04-01,0.0576,0.10962999525
"651",2023-04-09,0.1,0.0520293507093414
"652",2023-04-10,0.124,0.0641327574
"653",2023-04-11,0.0982,0.0695808263357143
"654",2023-04-12,0.13955,0.0932147806991342
"655",2023-04-15,0.199,0.125382544521739
"656",2023-04-17,0.1398,0.0796220044302325
"657",2023-04-18,0.1276,0.096380961534091
"658",2023-04-19,0.1419,0.131950718850575
"659",2023-04-20,0.122,0.114752051939394
"660",2023-04-22,0.194,0.0786816219332845
"661",2023-04-23,0.1198,0.0912628133055556
"662",2023-05-01,0.1316,0.0829538884433497
"663",2023-05-02,0.1332,0.0815937719114584
"664",2023-05-03,0.118725,0.0841823886748992
"665",2023-05-04,0.179,0.07416449592
"666",2023-05-24,0.3004,0.284110257071429
"667",2023-05-25,0.1979,0.304225725091734
"668",2023-05-26,0.275,0.284178222133333
"669",2023-05-27,0.0809,0.138109305828125
"670",2023-05-28,0.1905,0.180774597482759
"671",2023-06-03,0.1818,0.2124343677
"672",2023-06-06,0.251,0.387634374030303
"673",2023-06-08,0.2958,0.310732576278182
"674",2023-06-09,0.258,0.336775099433047
"675",2023-06-13,0.1934,0.186347102875
"676",2023-06-17,0.3542,0.391474700833333
"677",2023-06-25,0.233475,0.283040026188492
"678",2023-06-26,0.188,0.155254591954545
"679",2023-06-27,0.212,0.192412982189189
"680",2023-06-29,0.4132,0.396741146142857
"681",2023-07-01,0.187,0.228703235954545
"682",2023-07-09,0.1992,0.0863485448947368
"683",2023-07-11,0.1536,0.102261493179487
"684",2023-07-17,0.851,1.22910351633333
"685",2023-07-18,0.830375,0.845137806503268
"686",2023-07-24,0.1124,0.158120075090909
"687",2023-07-25,0.284,0.228590334652174
"688",2023-07-26,0.159,0.224533572117647
"689",2023-07-30,0.30233,0.220512627571429
"690",2023-07-31,0.2145,0.13331388356
"691",2023-08-01,0.2025,0.123091677103448
"692",2023-08-03,0.31567,0.2989255824
"693",2023-08-07,0.1842,0.204346677173913
"694",2023-08-11,0.36133,0.216360403
"695",2023-08-13,0.325,0.213597581894737
"696",2023-08-17,0.105,0.0825154282222222
"697",2023-08-18,0.2042,0.162416747461538
"698",2023-08-19,0.1546,0.511419123128205
"699",2023-08-20,0.307,0.361707631575851
"700",2023-08-23,0.3028,0.258891122526316
"701",2023-08-26,0.1636,0.1928283455
"702",2023-08-27,0.226,0.22292154678125
"703",2023-08-31,0.1612,0.1399107265625
"704",2023-09-03,0.1225,0.0856366726168929
"705",2023-09-04,0.26,0.154379583066667
"706",2023-09-06,0.217,0.150884439235294
"707",2023-09-07,0.1645,0.1154055456875
"708",2023-09-08,0.1564,0.15766098885
"709",2023-09-10,0.3612,0.276128872941176
"710",2023-09-12,0.279,0.292300347736842
"711",2023-09-18,0.2995,0.168998962885714
"712",2023-09-19,0.1615,0.115118303
"713",2023-09-22,0.1518,0.17997543569697
"714",2023-09-23,0.1706,0.112715839967266
"715",2023-09-24,0.0481333333333333,0.0537754878229167
"716",2023-09-28,0.1116,0.123084573416667
"717",2023-09-29,0.0992,0.1375119333125
"718",2023-09-30,0.2264,0.116727959
"719",2023-10-02,0.1406,0.0565169850526316
"720",2023-10-03,0.0953,0.0941613348821321
"721",2023-10-04,0.1162,0.137858951363636
"722",2023-10-07,0.1463,0.0536377177106707
"723",2023-10-08,0.0370666666666667,0.0510868233380952
"724",2023-10-09,0.111,0.0717445932702835
"725",2023-10-10,0.1704,0.0896039292142857
"726",2023-10-17,0.0921,0.0463262803857143
"727",2023-10-21,0.0921,0.042613658076923
"728",2023-10-22,0.1312,0.0423083258947368
"729",2023-10-23,0.15433,0.0561975633333333
"730",2023-10-24,0.1134,0.0469768109532163
"731",2023-10-25,0.0926,0.0727639839333333
"732",2023-10-26,0.173,0.0813724031666667
"733",2023-10-28,0.0874,0.115077237725
"734",2023-10-29,0.10265,0.0808099982511521
"735",2023-11-01,0.0513,0.0419562868228498
"736",2023-11-02,0.0771,0.0465760761213705
"737",2023-11-03,0.032,0.0442968653341789
"738",2023-11-04,0.0376,0.0494769101779449
"739",2023-11-05,0.1085,0.0807179503904411
"740",2023-11-06,0.0641,0.0804362467723578
"741",2023-11-07,0.0976,0.0946244401829268
"742",2023-11-08,0.0651,0.0908864693648649
"743",2023-11-16,0.0402,0.0597263751904762
"744",2023-11-18,0.0324,0.0567607184285714
"745",2023-11-19,0.0464,0.0579579528537582
"746",2023-11-24,0.098,0.04994378990625
"747",2023-11-27,0.0578,0.0422058553138528
"748",2023-11-28,0.0321333333333333,0.0405766786257622
"749",2023-11-29,0.0282666666666667,0.0434873597682927
"750",2023-12-04,0.0732,0.0604207922318376
"751",2023-12-05,0.061,0.0456385490071428
"752",2023-12-06,6e-04,0.0451760427352941
"753",2023-12-07,0.0268,0.0347997404242424
"754",2023-12-11,0.0429,0.0299936278127178
"755",2023-12-12,0.0361,0.0462381877992578
"756",2023-12-14,0.048,0.0351718811780303
"757",2023-12-15,0.013,0.0247529873707317
"758",2023-12-18,0.0256,0.0561426857871877
"759",2023-12-19,0.0344,0.04349371378125
"760",2023-12-23,0.0544,0.0942892788823529
"761",2023-12-28,0.077535,0.046610336624375
"762",2023-12-31,0.0427,0.0375008462764228
"763",2024-01-01,0.0018,0.0456589028333333
"764",2024-01-02,0.0235,0.0282551628292683
"765",2024-01-04,0.0594,0.0708816932394095
"766",2024-01-11,0.0366,0.0558407674634147
"767",2024-01-13,0.0054,0.0258095345837398
"768",2024-01-14,0.1044,0.042562734725
"769",2024-01-17,0.0345,0.0253171359963415
"770",2024-02-26,0.1514,0.146232260777822
"771",2024-03-07,0.1052,0.0459069660666667
"772",2024-03-10,0.0633,0.0417902982294931
"773",2024-03-12,0.173,0.0699955097428571
"774",2024-03-14,0.1487,0.157714210210091
"775",2024-03-18,0.1046,0.0749842170714285
"776",2024-03-19,0.0668,0.0710037766447675
"777",2024-03-24,0.1312,0.0977620667
"778",2024-03-27,0.21967,0.133275847916667
"779",2024-03-28,0.0788,0.0614299308389192
"780",2024-03-29,0.13,0.0670169132645161
"781",2024-03-30,0.113,0.115022146126489
"782",2024-04-04,0.0722,0.0670436005834603
"783",2024-04-05,0.1355,0.0469280813064516
"784",2024-04-07,0.2028,0.158313348209677
"785",2024-04-08,0.106933333333333,0.211355272285714
"786",2024-04-12,0.16085,0.0805447807141544
"787",2024-04-13,0.0945,0.0730593482962474
"788",2024-04-14,0.2874,0.144388227636364
"789",2024-04-15,0.2252,0.127218119095238
"790",2024-04-18,0.1429,0.119532713748376
"791",2024-04-19,0.3375,0.214899586125
"792",2024-04-25,0.1773,0.126400937231746
"793",2024-04-28,0.1392,0.13370265028
"794",2024-04-30,0.2206,0.0991930296
"795",2024-05-01,0.1332,0.0690436919677419
"796",2024-05-03,0.375,0.216612360285714
"797",2024-05-06,0.398,0.259989747571429
"798",2024-05-11,0.1436,0.0812288419705882
"799",2024-05-12,0.0972,0.0905196654583333
"800",2024-05-16,0.234,0.122547196761905
"801",2024-05-20,0.071,0.0907047593870968
"802",2024-05-22,0.256,0.204337136714286
"803",2024-05-28,0.1908,0.110991974
"804",2024-05-29,0.118,0.125159945052632
"805",2024-07-13,0.187,0.229830153833333
"806",2024-07-14,0.363,0.25637379078125
"807",2024-08-19,0.1194,0.0877822181764706
"808",2024-08-23,0.0953,0.129405277863637
"809",2024-08-24,0.1694,0.140316336752273
"810",2024-08-25,0.135,0.11694229571875
"811",2024-08-26,0.0606,0.128714837267519
"812",2024-08-30,0.264,0.249755599277778
"813",2024-08-31,0.164,0.158819318375
"814",2024-09-03,0.184,0.15021670736
"815",2024-09-04,0.0968,0.0750880563448275
"816",2024-09-07,0.0986,0.126553361535714
"817",2024-09-08,0.1884,0.170874332
"818",2024-09-09,0.1052,0.12182718805
"819",2024-09-10,0.2212,0.265939610254783
"820",2024-09-17,0.266,0.0893335646666667
"821",2024-09-19,0.263,0.0725871165714286
"822",2024-09-20,0.164,0.142989512405405
"823",2024-09-21,0.1144,0.137165961820513
"824",2024-09-22,0.1652,0.183043518354839
"825",2024-09-23,0.2186,0.168910290068966
"826",2024-10-02,0.11,0.0708351558918919
"827",2024-10-07,0.2386,0.131407236871795
"828",2024-10-08,0.2002,0.169947909469697
"829",2024-10-09,0.13,0.139847336114286
"830",2024-10-10,0.1149,0.058047784765625
"831",2024-10-11,0.007,0.055208118
"832",2024-10-12,0.1019,0.0617552083489584
"833",2024-10-13,0.1986,0.169577145814272
"834",2024-10-14,0.0750666666666667,0.166893160206957
"835",2024-10-16,0.0261,0.0472459595631313
"836",2024-10-17,0.1211,0.0484962724476191
"837",2024-10-18,0.0707,0.0484708033505316
"838",2024-10-19,0.0751,0.0440084149682285
"839",2024-10-20,0.1152,0.0562487836829268
"840",2024-10-21,0.0316,0.0562921749192799
"841",2024-10-22,0.0592,0.0688855100243902
"842",2024-10-23,0.0826,0.0968825910212356
"843",2024-10-24,0.0912,0.076857577089939
"844",2024-10-25,0.1399,0.117643195987805
"845",2024-10-26,0.0983,0.138234159778125
"846",2024-10-29,0.134,0.114445890729605
"847",2024-11-12,0.0223,0.0490638734343434
"848",2024-11-16,0.0699,0.0469648386924851
"849",2024-11-18,0.1258,0.0674798010238095
"850",2024-11-21,0.0459,0.0358769683214285
"851",2024-11-22,0.0082,0.0475194539142857
"852",2024-11-23,0.0758,0.0369446920667613
"853",2024-11-24,0.0126,0.0428612798666667
"854",2024-11-26,0.135,0.111020747368421
"855",2024-11-29,0.0729,0.0849848391164243
"856",2024-11-30,0.0771,0.0499411733111404
"857",2024-12-02,0.0323,0.0422239934354345
"858",2024-12-03,0.0847,0.0688070020863039
"859",2024-12-04,0.009,0.0616183267586207
"860",2024-12-05,0.0554,0.0676149347857143
"861",2024-12-06,0.0221,0.0373899036641414
"862",2024-12-07,0.032,0.0452610842356322
"863",2024-12-12,0.0404,0.0327898745738095
"864",2024-12-17,0.1826,0.124337861619048
"865",2024-12-19,0.0308,0.0500537672727273
"866",2024-12-20,0.0679,0.0578577795665025
"867",2024-12-21,0.077225,0.101903549333333
"868",2024-12-22,0.0516,0.0537085881932927
"869",2024-12-23,0.0367,0.0412532045833334
"870",2024-12-24,0.0422,0.0479353377051282
"871",2024-12-25,0.065,0.0664283738694981
"872",2024-12-30,0.015,0.0506688220243902
